Serie;Categoría;Pesos
Doctor_Who;CienciaFiccion;0.0-0.0-0.0-0.0-0.0-0.0-0.0-0.0-0.0-0.0-0.0-0.0-0.0-0.0-0.0-0.0-0.0-0.0-0.0-0.0-0.0-0.0-0.0-0.0-0.0-0.0-0.0-0.0-0.0-0.0-0.0-0.0-0.0-0.0-0.0-0.0-0.0-0.0-0.0-0.0-0.0-0.0-0.0-0.0-0.0-0.0-0.0-0.0-0.0-0.0-0.0-0.0-0.0-0.0-0.0-0.0-0.0-0.0-0.0-1.1056839373155616-0.0-0.0-0.0-0.0-0.0-0.0-0.0-0.0-0.0-0.0-0.0-0.0-0.0-0.0-0.0-0.0-0.0-0.0-0.0-0.0-0.0-0.0-0.0-0.0-0.0-0.0-0.0-0.0-0.0-0.0-0.0-0.0-0.0-0.0-0.0-0.0-0.0-2.4436974992327127-1.3010299956639813-0.0-1.0-1.0-0.0-1.1549019599857433-0.0-0.0-0.7695510786217261-0.0-0.0-0.0-0.0-1.045757490560675-0.0-0.0-1.3010299956639813-1.3979400086720377-0.0-0.0-0.0-0.0-0.638272163982407-0.0-0.0-0.0-0.0-0.0
El_coche_fantastico;CienciaFiccion;0.0-0.0-0.0-0.0-0.0-0.0-0.0-0.0-0.0-0.0-0.0-0.0-0.0-0.0-0.0-0.0-0.0-0.0-0.0-0.0-0.0-0.0-0.0-0.0-0.0-0.0-0.0-0.0-0.0-0.0-0.0-0.0-0.0-0.0-0.0-0.0-0.0-1.3979400086720377-0.0-0.0-0.0-0.0-0.0-2.6020599913279625-0.0-0.0-0.0-0.0-0.0-0.0-0.0-0.0-0.0-0.0-0.0-0.0-0.0-0.0-0.0-0.0-0.0-0.0-0.0-0.0-0.0-0.0-0.0-0.0-0.0-0.0-0.0-0.0-0.0-0.0-0.0-0.0-0.0-0.0-0.0-0.0-0.0-0.0-0.0-0.0-0.0-0.0-0.0-0.0-0.0-0.0-0.0-0.0-0.0-0.0-0.0-0.0-0.0-0.0-3.9030899869919438-0.0-0.0-0.0-3.46470587995723-0.0-0.0-0.0-0.7695510786217261-0.0-0.0-0.0-0.0-0.0-0.0-0.0-0.0-0.0-0.0-0.0-0.0-0.0-2.553088655929628-0.0-1.5228787452803376-0.0-0.0-0.0
El_Ministerio_del_Tiempo;CienciaFiccion;0.0-0.0-0.0-0.0-0.0-0.0-0.0-0.0-0.0-0.0-0.0-0.0-0.0-0.0-0.0-0.0-0.0-0.0-0.0-0.0-0.0-0.0-0.0-0.0-0.0-0.0-0.0-0.0-0.0-0.0-0.0-0.0-1.5391021572434522-0.0-0.0-0.0-0.0-0.0-0.0-0.0-0.0-0.0-0.0-0.0-0.0-0.0-0.0-0.0-0.0-0.0-0.0-0.0-0.0-0.0-0.0-0.0-0.0-0.0-0.0-0.0-0.0-0.0-0.0-0.0-0.0-0.0-0.0-0.0-0.0-0.0-0.0-0.0-0.0-0.0-0.0-0.0-0.0-0.0-0.0-0.0-0.0-0.0-0.0-0.0-0.0-0.0-0.0-0.0-0.0-0.0-0.0-0.0-0.0-0.0-0.0-0.0-0.0-0.0-1.3010299956639813-0.0-0.0-0.0-0.0-0.0-0.0-0.0-0.0-0.0-0.0-0.0-0.0-0.0-0.0-0.0-1.3010299956639813-0.0-0.0-0.0-0.0-0.0-1.276544327964814-0.0-0.0-0.0-0.0-0.0
ExpedienteX;CienciaFiccion;0.0-0.0-0.0-0.0-0.0-0.0-0.0-0.0-0.0-0.0-0.0-0.0-0.0-0.0-0.0-0.0-0.0-0.0-0.0-0.0-0.0-0.0-0.0-0.0-0.0-0.0-0.0-0.0-0.0-0.0-0.0-0.0-0.0-0.0-0.0-0.0-0.0-0.0-0.0-0.0-0.0-0.0-0.0-0.0-0.0-0.0-4.619607839942973-0.0-0.0-0.0-0.0-0.0-0.0-0.0-0.0-0.0-0.0-0.0-0.0-0.0-0.0-0.0-0.0-0.0-0.0-0.0-0.0-0.0-0.0-0.0-0.0-0.0-0.0-0.585026652029182-0.0-0.0-0.0-0.0-0.0-0.0-0.0-0.0-0.0-0.0-0.0-0.0-0.0-0.0-0.48148606012211254-0.0-0.0-0.0-0.0-0.0-0.0-0.0-0.0-0.0-0.0-0.0-0.0-0.0-0.0-0.0-1.6989700043360187-1.6989700043360187-0.0-0.0-2.09151498112135-1.0-2.3098039199714866-0.0-3.1372724716820253-1.0969100130080565-0.0-0.0-1.0-3.0457574905606752-0.0-0.0-2.553088655929628-0.0-3.0457574905606752-0.0-0.0-1.0
Heroes;CienciaFiccion;0.0-0.0-0.0-0.0-0.0-0.0-0.0-0.0-0.0-0.0-0.0-0.0-0.0-0.0-0.0-0.0-0.0-0.0-0.0-0.0-0.0-0.0-0.0-0.0-0.0-0.0-0.0-0.0-1.2218487496163564-0.0-0.0-0.0-0.0-0.0-0.0-0.0-0.0-0.0-0.0-0.0-0.0-0.0-0.0-0.0-0.0-0.0-0.0-0.0-0.0-0.0-0.0-0.0-0.0-0.0-0.0-0.0-0.0-0.0-0.0-0.0-0.0-0.0-0.0-0.0-0.0-0.0-0.0-0.0-0.0-0.0-0.0-0.0-0.0-0.0-0.0-0.0-0.0-0.0-0.0-0.0-0.0-0.0-0.0-0.0-0.0-0.0-0.0-0.0-0.0-0.0-0.0-0.0-0.0-0.0-0.0-0.0-0.0-0.0-0.0-0.0-0.0-0.0-0.0-2.3098039199714866-0.0-0.0-0.0-10.45757490560675-0.0-4.0-0.0-0.0-2.09151498112135-0.0-0.0-0.0-0.0-0.0-0.0-0.0-1.9148164919472213-0.0-0.0-0.0-0.0-0.0
Heroes_reborn;CienciaFiccion;0.0-0.0-0.0-0.0-0.0-0.0-0.0-0.0-0.0-0.0-0.0-0.0-0.0-0.0-0.0-0.0-0.0-0.0-0.0-0.0-0.0-0.0-0.0-0.0-0.0-0.0-0.0-0.0-0.0-0.0-0.0-0.0-0.0-0.0-0.0-0.0-0.0-0.0-0.0-0.0-0.0-0.0-0.0-0.0-0.0-0.0-0.0-0.0-0.0-0.0-0.0-0.0-0.0-0.0-0.0-0.0-0.0-0.0-0.0-0.0-0.0-0.0-0.0-0.0-0.0-0.0-0.0-0.0-0.0-0.0-0.0-0.0-0.0-0.0-0.0-0.0-0.0-0.0-0.0-0.0-0.0-0.0-0.0-0.0-0.0-0.0-0.0-0.0-0.0-0.0-0.0-0.0-0.0-0.0-0.0-0.0-0.0-0.0-0.0-0.0-0.0-0.0-3.46470587995723-1.1549019599857433-0.0-0.0-3.0782043144869045-3.1372724716820253-0.0-1.0-0.0-0.0-0.0-0.0-0.0-0.0-0.0-0.0-0.0-0.0-1.276544327964814-0.0-0.0-0.0-0.0-0.0
Juego_de_tronos;CienciaFiccion;0.0-0.0-0.0-0.0-0.0-0.0-0.0-0.0-0.0-0.0-0.0-0.0-0.0-0.0-0.0-0.0-0.0-0.0-0.0-0.0-0.0-0.0-0.0-0.0-0.0-0.0-0.0-0.0-0.0-0.0-0.0-0.0-0.7695510786217261-0.0-0.0-0.0-0.0-0.0-0.0-0.0-0.0-0.0-0.0-0.0-0.0-0.0-0.0-0.0-0.0-0.0-0.0-0.0-0.0-0.0-0.0-0.0-0.0-0.0-0.0-0.5528419686577808-0.0-0.0-0.0-0.0-0.0-0.0-0.0-0.0-0.0-0.0-0.0-0.0-0.0-0.0-0.0-0.0-0.0-0.0-0.0-0.0-0.0-0.0-0.0-0.0-0.0-0.0-0.0-0.0-0.48148606012211254-0.0-0.0-0.0-0.0-0.0-0.0-0.0-0.0-1.2218487496163564-1.3010299956639813-0.0-1.0-1.0-0.0-0.0-0.0-0.0-0.0-0.0-0.0-0.0-0.0-0.0-1.045757490560675-0.0-1.3010299956639813-2.7958800173440754-0.0-0.0-0.0-0.0-1.276544327964814-0.0-0.0-0.0-0.0-0.0
KyleXY;CienciaFiccion;0.0-0.0-0.0-0.0-0.0-0.0-0.0-0.0-0.0-0.0-0.0-0.0-0.0-0.0-0.0-0.0-0.0-0.0-0.0-0.0-0.0-0.0-0.0-0.0-0.0-0.0-0.0-0.0-0.0-0.0-0.0-0.0-0.0-0.0-0.0-0.0-0.0-0.0-0.0-0.0-0.0-0.0-0.0-0.0-0.0-0.0-0.0-0.0-0.0-0.0-0.0-0.0-0.0-0.0-0.0-0.0-0.0-0.0-0.0-0.0-0.0-0.0-0.0-0.0-0.0-0.0-0.0-0.0-0.0-0.0-0.0-0.0-0.0-0.0-0.0-0.0-0.0-0.0-0.0-0.0-0.0-0.0-0.0-0.0-0.0-0.0-0.0-0.0-0.0-0.0-0.0-0.0-0.0-0.0-0.0-0.0-1.6989700043360187-1.2218487496163564-0.0-0.0-0.0-0.0-1.1549019599857433-0.0-0.0-0.0-0.7695510786217261-0.0-1.045757490560675-0.0-2.3098039199714866-2.09151498112135-0.0-0.0-0.0-0.0-0.0-0.0-0.0-2.0-1.276544327964814-0.0-0.0-0.0-0.0-0.0
La_cupula;CienciaFiccion;0.0-0.0-0.0-0.0-0.0-0.0-0.0-0.0-0.0-0.0-0.0-0.0-0.0-0.0-0.0-0.0-0.0-0.0-0.0-0.0-0.0-0.0-0.0-0.0-0.0-0.0-0.0-0.0-0.0-0.0-0.0-2.4436974992327127-0.0-0.0-0.0-0.0-0.0-0.0-0.0-0.0-0.0-0.0-0.0-0.0-0.0-0.0-0.0-0.0-0.0-0.0-0.0-0.0-0.0-0.0-0.0-0.0-0.0-0.0-0.0-0.0-0.0-0.0-0.0-0.0-0.0-0.0-0.0-0.0-0.0-0.0-0.0-0.0-0.0-0.0-0.0-0.0-0.0-0.0-0.0-0.0-0.0-0.0-0.0-0.0-0.0-0.0-0.0-0.0-0.0-0.0-1.6989700043360187-0.0-0.0-0.0-0.0-0.0-0.0-1.2218487496163564-0.0-1.6989700043360187-0.0-0.0-0.0-0.0-0.0-0.0-0.0-0.0-0.0-0.0-0.0-0.0-0.0-0.0-0.0-1.3979400086720377-0.0-0.0-0.0-0.0-1.9148164919472213-0.0-0.0-0.0-0.0-0.0
Misfits;CienciaFiccion;0.0-0.0-0.0-0.0-0.0-0.0-0.6575773191777938-0.0-0.0-0.0-0.0-0.0-0.0-0.0-0.0-1.2218487496163564-0.0-0.0-0.0-0.0-0.0-0.0-0.0-0.0-0.0-0.0-0.0-0.0-0.0-0.0-0.0-0.0-0.0-0.0-0.0-0.0-0.0-0.0-0.0-0.0-0.0-0.0-0.0-0.0-0.0-0.0-0.0-0.0-0.0-0.0-0.0-0.0-0.0-0.0-0.0-0.0-0.0-0.0-0.0-0.0-0.0-0.0-0.0-0.0-0.0-0.0-0.0-0.0-1.2218487496163564-0.0-0.0-0.0-0.0-0.0-0.0-0.0-0.0-0.0-0.0-0.0-0.0-0.0-0.0-0.0-0.0-0.0-0.0-0.0-0.0-0.0-0.0-0.0-0.0-0.0-0.0-0.0-0.0-1.2218487496163564-0.0-0.0-0.0-0.0-2.3098039199714866-1.1549019599857433-0.0-0.0-3.0782043144869045-4.1830299622427-1.045757490560675-3.0-0.0-1.045757490560675-0.0-0.0-0.0-0.0-0.0-0.0-0.0-0.0-1.9148164919472213-0.0-0.0-0.0-0.0-0.0
Once_upon_a_time;CienciaFiccion;0.0-0.0-0.0-0.0-0.0-0.0-0.0-0.0-0.0-0.0-0.0-0.0-0.0-0.0-0.0-0.0-0.0-0.0-0.0-0.0-0.0-0.0-0.0-0.0-0.0-0.0-0.0-0.0-0.0-0.0-0.0-0.0-0.0-0.0-0.0-0.0-0.0-0.0-0.0-3.3979400086720375-0.0-0.0-0.0-0.0-0.0-0.0-0.0-0.0-0.0-0.0-0.0-0.0-0.8239087409443188-0.0-0.0-0.0-0.0-0.0-0.0-0.0-0.0-0.0-0.0-0.0-0.0-0.0-0.0-0.0-0.0-0.0-0.0-0.0-0.0-0.0-0.0-0.0-0.0-0.0-0.0-0.0-0.0-0.0-0.0-0.0-0.0-0.0-0.0-0.0-0.48148606012211254-0.0-0.0-0.0-0.0-0.0-0.0-0.0-0.0-1.2218487496163564-0.0-0.0-0.0-0.0-0.0-0.0-0.0-0.0-0.0-0.0-0.0-0.0-0.0-0.0-0.0-0.0-0.0-1.3979400086720377-0.0-0.0-0.0-0.0-1.276544327964814-0.0-0.0-0.0-0.0-0.0
Orphan_black;CienciaFiccion;0.0-0.0-0.0-0.0-0.0-0.0-0.0-0.0-0.0-0.0-0.0-0.0-0.0-0.0-0.0-0.0-0.0-0.0-0.0-0.0-0.0-0.0-0.0-0.0-0.0-0.0-0.0-0.0-0.0-0.0-0.0-0.0-0.0-0.0-0.0-0.0-0.0-0.0-0.0-0.0-0.0-0.0-0.0-0.0-0.0-0.0-0.0-0.0-0.0-0.0-0.0-0.0-0.0-0.0-0.0-0.0-0.0-0.0-0.0-0.0-0.0-0.0-0.0-0.0-0.0-0.0-0.0-0.0-0.0-0.0-0.0-0.0-0.0-0.0-0.0-0.0-0.0-0.0-0.0-0.0-0.0-0.0-0.0-0.0-0.0-0.0-0.0-0.0-0.0-0.0-1.6989700043360187-0.0-0.0-0.0-0.0-0.0-0.0-0.0-0.0-0.0-0.0-0.0-1.1549019599857433-1.1549019599857433-0.0-0.0-0.0-0.0-1.045757490560675-0.0-0.0-1.045757490560675-0.0-0.0-0.0-0.0-0.0-0.0-0.0-0.0-1.276544327964814-0.0-0.0-0.0-0.0-0.0
Sense8;CienciaFiccion;0.0-0.0-0.0-0.0-0.0-0.0-0.0-0.0-0.0-0.0-0.0-0.0-0.0-0.0-0.0-0.0-0.0-0.0-0.0-0.0-0.0-0.0-0.0-0.0-0.0-0.0-0.0-0.0-0.0-0.0-0.0-0.0-0.7695510786217261-0.0-0.0-0.0-0.0-0.0-0.0-0.0-0.0-0.0-0.0-0.0-0.0-0.0-0.0-0.0-0.0-0.0-0.0-0.0-0.0-0.0-0.0-0.0-0.0-0.0-0.0-0.5528419686577808-0.0-0.0-0.0-0.0-0.0-0.0-0.0-0.0-0.0-0.0-0.0-0.0-0.0-0.0-0.0-0.0-0.0-0.0-0.0-0.0-0.0-0.0-0.0-0.0-0.0-0.0-0.0-0.0-0.0-0.0-0.0-0.0-0.0-0.0-0.0-0.0-0.0-0.0-0.0-0.0-0.0-0.0-0.0-0.0-1.6989700043360187-0.0-0.7695510786217261-0.0-4.1830299622427-0.0-0.0-0.0-2.09151498112135-0.0-2.6020599913279625-0.0-0.0-0.0-0.0-0.0-2.553088655929628-0.0-0.0-0.0-0.0-0.0
Smallville;CienciaFiccion;0.0-0.0-0.0-0.0-0.0-0.0-0.0-0.0-0.0-0.0-0.0-0.0-0.0-0.0-0.0-0.0-0.0-0.0-0.0-0.0-0.0-0.0-0.0-0.0-0.0-0.0-0.0-0.0-0.0-0.0-0.0-0.0-0.0-0.0-0.0-0.0-0.0-0.0-0.0-0.0-0.0-0.0-0.0-0.0-0.0-0.0-0.0-0.0-0.0-0.0-0.0-0.0-0.0-0.0-0.0-0.0-0.0-0.0-0.0-0.5528419686577808-0.0-0.0-0.0-0.0-0.0-0.0-0.0-0.0-0.0-0.0-0.0-0.0-2.0-0.585026652029182-0.0-0.0-0.0-0.0-0.0-0.0-0.0-0.0-0.0-0.0-0.0-0.0-0.0-0.0-0.0-0.0-0.0-0.0-0.0-0.0-0.0-0.0-0.0-0.0-0.0-0.0-0.0-0.0-2.3098039199714866-0.0-0.0-0.0-0.0-5.228787452803375-0.0-2.0-0.0-0.0-1.045757490560675-0.0-0.0-0.0-0.0-0.0-0.0-0.0-1.9148164919472213-0.0-0.0-0.0-0.0-0.0
Strangers_things;CienciaFiccion;0.0-0.0-0.0-0.0-0.0-0.0-0.0-0.0-0.0-0.0-0.0-0.0-0.0-0.0-0.0-0.0-0.0-0.0-0.0-0.0-0.0-0.0-0.0-0.0-0.0-0.0-0.0-0.0-0.0-0.0-0.0-0.0-0.0-0.0-0.0-0.0-0.0-0.0-0.0-0.0-0.0-0.0-1.6989700043360187-0.0-0.0-0.0-0.0-0.0-0.0-1.0969100130080565-0.0-0.0-0.0-1.8416375079047504-0.0-0.0-0.0-0.0-0.0-0.0-0.0-0.0-0.0-0.0-0.0-0.0-0.0-0.0-0.0-0.0-0.0-0.0-0.0-0.0-0.0-0.0-0.0-0.0-0.0-0.0-0.0-0.0-0.0-0.0-0.0-0.0-0.0-0.0-0.0-0.0-0.0-0.0-0.0-0.0-0.0-0.0-0.0-0.0-0.0-1.6989700043360187-0.0-0.0-0.0-1.1549019599857433-0.0-0.0-0.0-4.1830299622427-0.0-2.0-0.0-0.0-0.0-1.0969100130080565-0.0-0.0-0.0-0.0-0.0-0.0-1.9148164919472213-0.0-0.0-0.0-0.0-0.0
Supergirl;CienciaFiccion;0.0-0.0-0.0-0.0-0.0-0.0-0.0-0.0-0.0-0.0-0.0-0.0-0.0-0.0-0.0-0.0-0.0-0.0-0.0-0.0-0.0-0.0-0.0-0.0-0.0-0.0-0.0-0.0-0.0-0.0-0.0-0.0-0.0-0.0-0.0-0.0-0.0-0.0-0.0-0.0-0.0-0.0-0.0-0.0-0.0-0.0-0.0-0.0-0.0-0.0-0.0-0.0-0.0-0.0-0.0-0.0-0.0-0.0-0.0-0.0-0.0-0.0-0.0-0.0-0.0-0.0-0.0-0.0-0.0-0.0-0.0-0.0-0.0-0.0-0.0-0.0-0.0-0.0-0.0-0.0-0.0-0.0-0.0-0.0-0.0-0.0-0.0-0.0-0.0-0.0-0.0-0.0-0.0-0.0-0.0-0.0-0.0-0.0-2.6020599913279625-0.0-1.0-1.0-0.0-0.0-0.0-0.0-0.0-3.1372724716820253-0.0-1.0-0.0-0.0-0.0-0.0-0.0-0.0-1.0-0.0-0.0-0.0-0.638272163982407-0.0-0.0-0.0-0.0-1.0
Teen_wolf;CienciaFiccion;0.0-0.0-0.0-0.0-0.0-0.0-0.0-0.0-0.0-0.0-0.0-0.0-0.0-0.0-0.0-0.0-0.0-0.0-0.0-0.0-0.0-0.0-0.0-0.0-0.0-0.0-0.0-0.0-0.0-0.0-0.0-1.2218487496163564-0.0-0.0-0.0-0.0-0.0-0.0-0.0-0.0-0.0-0.0-0.0-0.0-0.0-0.0-0.0-0.0-0.0-0.0-0.0-0.0-0.0-0.0-0.0-0.0-0.0-0.0-0.0-0.0-0.0-0.0-0.0-0.0-0.0-0.0-0.0-0.0-0.0-0.0-0.0-0.0-0.0-0.0-0.0-0.0-0.0-0.0-0.0-0.0-0.0-0.0-0.0-0.0-0.0-0.0-0.0-0.0-0.0-0.0-0.0-0.0-0.0-0.0-0.0-0.0-0.0-0.0-0.0-0.0-0.0-0.0-0.0-0.0-0.0-0.0-0.0-2.09151498112135-1.045757490560675-4.0-1.1549019599857433-2.09151498112135-2.09151498112135-1.0969100130080565-0.0-0.0-0.0-0.0-0.0-0.0-0.638272163982407-0.0-0.0-0.0-0.0-0.0
The100;CienciaFiccion;0.0-0.0-0.0-0.0-0.0-0.0-0.0-0.0-0.0-0.0-0.0-0.0-0.0-0.0-0.0-0.0-0.0-0.0-0.0-0.0-0.0-0.0-0.0-0.0-0.0-0.0-0.0-0.0-0.0-0.0-0.0-0.0-0.0-0.0-0.0-0.0-0.0-0.0-0.0-0.0-0.0-0.0-0.0-0.0-0.0-0.0-0.0-0.0-0.0-0.0-0.0-0.0-0.0-0.0-0.0-0.0-0.0-0.0-0.0-0.0-0.0-0.0-0.0-0.0-0.0-0.0-0.0-0.0-0.0-0.0-0.0-0.0-0.0-0.0-0.0-0.0-0.0-0.0-0.0-0.0-0.0-0.0-0.0-0.0-0.0-0.0-0.0-0.0-0.0-0.0-0.0-0.0-0.0-0.0-0.0-0.0-1.6989700043360187-0.0-0.0-0.0-0.0-0.0-1.1549019599857433-0.0-0.0-0.0-0.0-0.0-0.0-0.0-1.1549019599857433-2.09151498112135-0.0-0.0-0.0-0.0-0.0-0.0-0.0-0.0-1.9148164919472213-0.0-0.0-0.0-0.0-0.0
The_Flash;CienciaFiccion;0.0-0.0-0.0-0.0-0.0-0.0-0.0-0.0-0.0-0.0-0.0-0.0-0.0-0.0-0.0-0.0-0.0-0.0-0.0-0.0-0.0-0.0-0.0-0.0-0.0-0.0-0.0-0.0-0.0-0.0-0.0-0.0-0.7695510786217261-0.0-0.0-0.0-0.0-0.0-0.0-0.0-0.0-0.0-0.0-0.0-0.0-0.0-0.0-1.0-0.0-0.0-0.0-0.0-0.0-0.0-0.0-0.0-0.0-0.0-0.0-0.0-0.0-0.0-0.0-0.0-0.0-0.0-0.0-0.0-0.0-0.0-0.0-0.0-0.0-0.0-0.0-0.0-0.0-0.0-0.0-0.0-0.0-0.0-0.0-0.0-0.0-0.0-0.0-0.0-0.0-0.0-0.0-0.0-0.0-0.0-0.0-0.0-0.0-0.0-0.0-0.0-1.0-1.0-0.0-0.0-0.0-1.6989700043360187-1.5391021572434522-3.1372724716820253-2.09151498112135-0.0-0.0-0.0-1.045757490560675-0.0-1.3010299956639813-0.0-0.0-0.0-0.0-0.0-1.276544327964814-0.0-0.0-0.0-0.0-0.0
V_Invasion_extraterrestre;CienciaFiccion;0.0-0.0-0.0-0.0-0.0-0.0-0.0-0.0-0.0-0.0-0.0-0.0-0.0-0.0-0.0-0.0-0.0-0.0-0.0-0.0-0.0-0.0-0.0-0.0-0.0-0.0-0.0-0.0-0.0-0.0-0.0-0.0-0.0-0.0-0.0-0.0-0.0-0.0-0.0-0.0-0.0-0.0-0.0-0.0-0.0-0.0-0.0-0.0-0.0-0.0-0.0-0.0-0.0-0.0-0.0-0.0-0.0-0.0-0.0-0.0-0.0-0.0-0.0-0.0-0.0-0.0-0.0-0.0-0.0-0.0-0.0-0.0-0.0-0.0-0.0-0.0-0.0-0.0-0.0-0.0-0.0-0.0-0.0-0.0-0.0-0.0-0.0-0.0-0.0-0.0-0.0-0.0-0.0-0.0-0.0-0.0-0.0-0.0-0.0-0.0-0.0-0.0-0.0-1.1549019599857433-0.0-0.0-0.7695510786217261-0.0-0.0-0.0-0.0-1.045757490560675-0.0-3.2907300390241696-0.0-0.0-1.0-7.614393726401688-0.0-0.0-1.9148164919472213-0.0-0.0-2.7958800173440754-2.0-1.0
Aida;Comedia;1.3979400086720377-0.853871964321762-1.1549019599857433-0.0-1.0-0.0-0.6575773191777938-0.0-0.0-2.0-1.5228787452803376-2.0-0.0-0.0-1.1549019599857433-0.0-0.0-0.0-0.0-0.0-0.0-0.0-0.0-0.0-0.0-0.0-0.0-0.0-0.0-0.0-0.0-0.0-0.0-0.0-0.0-0.0-0.0-0.0-0.0-0.0-0.0-0.0-0.0-0.0-0.0-0.0-0.0-0.0-0.0-0.0-0.0-0.0-0.8239087409443188-0.0-0.0-0.0-0.0-0.0-1.3010299956639813-0.0-0.0-0.0-0.0-0.0-0.0-0.0-0.0-0.0-0.0-0.0-0.0-0.0-0.0-0.0-0.0-0.0-0.0-0.0-0.0-0.0-0.0-0.0-0.0-0.0-0.0-0.0-0.0-0.0-0.0-0.0-0.0-0.0-0.0-0.0-0.0-0.0-0.0-0.0-0.0-0.0-0.0-0.0-0.0-0.0-0.0-0.0-0.0-0.0-0.0-0.0-0.0-0.0-0.0-0.0-0.0-0.0-0.0-0.0-0.0-0.0-0.0-0.0-0.0-0.0-0.0-0.0
Alf;Comedia;0.0-1.707743928643524-0.0-0.0-0.0-1.2218487496163564-1.3151546383555877-0.0-1.1549019599857433-0.0-0.0-0.0-0.0-0.0-0.0-0.0-0.0-0.0-0.0-0.0-0.0-0.0-0.0-0.0-0.0-0.0-0.0-0.0-0.0-0.0-0.0-0.0-0.0-0.0-0.0-0.0-0.0-0.0-0.0-0.0-0.0-0.0-0.0-0.0-0.0-0.0-0.0-0.0-0.0-0.0-0.0-0.0-0.0-0.0-0.0-0.0-0.0-0.0-0.0-0.0-0.0-0.0-0.0-0.0-0.0-0.0-0.0-0.0-0.0-0.0-0.0-0.0-0.0-0.0-0.0-0.0-0.0-0.0-0.0-0.0-0.0-0.0-0.0-0.0-0.0-0.0-0.0-0.0-0.48148606012211254-0.0-0.0-0.0-0.0-0.0-0.0-0.0-0.0-0.0-0.0-0.0-0.0-0.0-0.0-0.0-0.0-0.0-0.0-0.0-0.0-0.0-0.0-0.0-0.0-0.0-0.0-0.0-4.0-0.0-0.0-0.0-0.0-0.0-0.0-0.0-0.0-4.0
Alli_abajo;Comedia;1.3979400086720377-1.707743928643524-0.0-2.0-1.0-0.0-1.9727319575333815-0.0-0.0-0.0-0.0-0.0-0.0-0.0-1.1549019599857433-0.0-0.0-0.0-0.0-0.0-0.0-0.0-0.0-0.0-0.0-0.0-0.0-0.0-0.0-0.0-0.0-0.0-0.0-0.0-0.0-0.0-0.0-0.0-0.0-0.0-0.0-0.0-0.0-0.0-0.0-0.0-0.0-0.0-0.0-0.0-0.0-0.0-0.0-0.0-0.0-0.0-0.0-0.0-0.0-0.5528419686577808-0.0-0.0-0.0-0.0-0.0-0.0-0.0-0.0-0.0-0.0-0.0-0.0-0.0-0.585026652029182-0.0-0.0-0.0-0.0-0.0-0.0-0.0-0.0-0.0-0.0-0.0-0.0-0.0-0.0-0.0-0.0-0.0-0.0-0.0-0.0-0.0-0.0-0.0-0.0-0.0-0.0-0.0-0.0-0.0-0.0-0.0-0.0-0.0-0.0-0.0-0.0-0.0-0.0-0.0-0.0-0.0-0.0-0.0-0.0-0.0-0.0-0.0-0.0-0.0-0.0-0.0-0.0
American_dad;Comedia;0.0-1.707743928643524-0.0-0.0-0.0-1.2218487496163564-1.9727319575333815-0.0-1.1549019599857433-0.0-0.0-0.0-0.0-0.0-1.1549019599857433-0.0-0.0-0.0-0.0-0.0-0.0-0.0-0.0-0.0-0.0-0.0-0.0-0.0-0.0-0.0-0.0-0.0-0.0-0.0-0.0-0.0-0.0-0.0-0.0-0.0-0.0-0.0-0.0-0.0-0.0-0.0-0.0-0.0-0.0-0.0-0.0-0.0-0.0-0.0-0.0-0.0-0.0-0.0-0.0-0.0-0.0-0.0-0.0-0.0-0.0-0.0-0.9208187539523752-0.0-0.0-0.0-0.0-0.0-0.0-0.0-0.0-0.0-0.0-0.0-0.0-0.0-0.0-0.0-0.0-0.0-0.0-0.0-0.0-0.0-0.0-0.0-0.0-0.0-0.0-0.0-0.0-0.0-0.0-0.0-0.0-0.0-0.0-0.0-0.0-0.0-0.0-0.0-0.0-0.0-0.0-0.0-0.0-0.0-0.0-0.0-0.0-0.0-1.0-0.0-0.0-0.0-0.0-0.0-0.0-0.0-0.0-1.0
Aqui_no_hay_quien_viva;Comedia;0.0-0.853871964321762-0.0-1.0-1.0-0.0-1.9727319575333815-5.204119982655925-1.1549019599857433-0.0-0.0-0.0-0.0-0.0-0.0-2.4436974992327127-0.0-0.0-0.0-0.0-0.0-0.0-0.0-0.0-0.0-0.0-0.0-0.0-0.0-0.0-0.0-0.0-0.0-0.0-0.0-0.0-0.0-0.0-0.0-0.0-0.0-0.0-0.0-0.0-0.0-0.0-0.0-0.0-0.0-0.0-0.0-0.0-0.0-0.0-0.0-0.0-0.0-0.0-0.0-0.0-0.0-0.0-0.0-0.0-0.0-0.0-0.0-0.0-2.4436974992327127-0.0-0.0-0.0-0.0-0.0-0.0-0.0-0.0-0.0-0.0-0.0-0.0-0.0-0.0-0.0-0.0-0.0-0.0-0.0-0.48148606012211254-1.5391021572434522-0.0-0.0-0.0-0.0-0.0-0.0-0.0-0.0-0.0-0.0-0.0-0.0-0.0-0.0-0.0-0.0-0.0-0.0-0.0-0.0-0.0-0.0-0.0-0.0-0.0-0.0-0.0-0.0-0.0-0.0-0.0-0.0-0.0-0.0-0.0-0.0
Brooklyn_nine_nine;Comedia;0.0-0.0-0.0-0.0-0.0-0.0-0.0-0.0-0.0-0.0-0.0-0.0-0.0-0.0-0.0-0.0-0.0-0.0-0.0-0.0-0.0-0.0-0.0-0.0-0.0-0.0-0.0-0.0-0.0-1.2218487496163564-0.0-0.0-0.0-0.0-0.0-0.0-0.0-0.0-0.0-0.0-0.0-0.0-0.0-0.0-0.0-0.0-0.0-2.0-0.0-0.0-0.0-0.0-0.0-0.0-0.0-0.0-0.0-0.0-0.0-0.0-0.0-0.0-0.0-0.0-0.0-0.0-0.0-0.0-0.0-0.0-0.0-0.0-0.0-0.0-0.0-0.0-0.0-0.0-0.0-0.0-0.0-0.0-0.0-0.0-0.0-0.0-0.0-0.0-0.0-0.0-0.0-0.0-0.0-0.0-0.0-0.0-0.0-0.0-0.0-0.0-0.0-0.0-0.0-0.0-0.0-0.0-0.0-0.0-0.0-0.0-0.0-0.0-0.0-0.0-0.0-0.0-0.0-0.0-0.0-0.0-0.0-0.0-0.0-0.0-0.0-0.0
Como_conoci_a_vuestra_madre;Comedia;0.0-0.0-3.46470587995723-0.0-0.0-3.6655462488490693-0.6575773191777938-0.0-0.0-0.0-0.0-0.0-0.0-0.0-0.0-0.0-0.0-1.2218487496163564-0.0-0.0-0.0-0.0-0.0-0.0-0.0-0.0-0.0-0.0-0.0-0.0-0.0-0.0-0.0-0.0-0.0-0.0-0.0-0.0-0.0-0.0-0.0-0.0-0.0-0.0-0.0-0.0-0.0-0.0-0.0-0.0-0.0-0.0-0.0-0.0-0.0-0.0-0.0-0.0-0.0-0.0-0.0-0.0-0.0-0.0-0.0-0.0-0.0-0.0-0.0-0.0-1.2218487496163564-0.0-0.0-0.585026652029182-0.0-0.0-0.0-0.0-0.0-0.0-0.0-0.0-0.0-0.0-0.0-0.0-0.0-0.0-0.48148606012211254-1.5391021572434522-0.0-0.0-0.0-0.0-0.0-0.0-0.0-0.0-0.0-0.0-0.0-0.0-0.0-0.0-0.0-0.0-0.0-0.0-0.0-0.0-0.0-0.0-0.0-0.0-0.0-0.0-0.0-0.0-0.0-0.0-0.0-0.0-0.0-0.0-0.0-0.0
Con_el_culo_al_aire;Comedia;0.0-1.707743928643524-0.0-0.0-0.0-0.0-1.3151546383555877-0.0-1.1549019599857433-0.0-0.0-0.0-0.0-0.0-1.1549019599857433-0.0-0.0-0.0-0.0-0.0-0.0-0.0-0.0-0.0-0.0-0.0-0.0-0.0-0.0-0.0-0.0-0.0-0.0-0.0-0.0-0.0-0.0-0.0-0.0-0.0-0.0-0.0-0.0-0.0-0.0-0.0-0.0-0.0-0.0-0.0-0.0-0.0-0.0-0.0-0.0-0.0-0.0-0.0-0.0-0.0-0.0-0.0-0.0-0.0-0.0-0.0-0.0-0.0-0.0-0.0-0.0-0.0-0.0-0.0-0.0-0.0-0.0-0.0-0.0-0.0-0.0-0.0-0.0-0.0-0.0-0.0-0.0-0.0-0.48148606012211254-0.7695510786217261-0.0-1.3010299956639813-0.0-0.0-0.0-0.0-0.0-0.0-0.0-0.0-0.0-0.0-0.0-0.0-0.0-0.0-0.0-0.0-0.0-0.0-0.0-0.0-0.0-0.0-0.0-0.0-0.0-0.0-0.0-0.0-0.0-0.0-0.0-0.0-0.0-0.0
Dos_chicas_sin_blanca;Comedia;0.0-0.853871964321762-0.0-1.0-1.0-0.0-0.6575773191777938-0.0-0.0-0.0-0.0-0.0-0.0-0.0-1.1549019599857433-0.0-0.0-0.0-0.0-0.0-0.0-0.0-0.0-0.0-0.0-0.0-0.0-0.0-0.0-0.0-0.0-0.0-0.0-0.0-0.0-0.0-0.0-0.0-0.0-0.0-0.0-0.0-0.0-0.0-0.0-0.0-0.0-0.0-0.0-0.0-0.0-0.0-0.0-0.0-0.638272163982407-0.0-0.0-0.0-0.0-0.0-0.0-0.0-0.0-0.0-0.0-0.0-0.0-0.0-0.0-0.0-0.0-0.0-0.0-0.0-0.0-0.0-0.0-0.0-0.0-0.0-0.0-0.0-0.0-0.0-0.0-0.0-0.0-0.0-0.9629721202442251-0.0-0.0-0.0-0.0-0.0-0.0-0.0-0.0-0.0-0.0-0.0-0.0-0.0-0.0-0.0-0.0-0.0-0.0-0.0-0.0-0.0-0.0-0.0-0.0-0.0-0.0-0.0-0.0-0.0-0.0-0.0-0.0-0.0-0.0-0.0-0.0-0.0
Dos_hombres_y_medio;Comedia;0.0-0.0-1.1549019599857433-1.0-1.0-1.2218487496163564-0.6575773191777938-0.0-0.0-0.0-0.0-0.0-0.0-0.0-0.0-1.2218487496163564-0.0-1.2218487496163564-0.0-0.0-0.0-0.0-0.0-0.0-1.1549019599857433-0.0-0.0-0.0-0.0-0.0-0.0-0.0-0.7695510786217261-0.0-0.0-0.0-0.0-0.0-0.0-0.0-0.0-0.0-0.0-0.0-0.0-0.0-0.0-0.0-0.0-0.0-0.0-0.0-1.6478174818886375-0.0-0.0-0.0-0.0-0.0-0.0-0.5528419686577808-0.0-0.0-0.0-0.0-0.0-0.0-0.0-0.0-1.2218487496163564-0.0-1.2218487496163564-0.0-0.0-0.0-0.0-0.0-0.0-0.0-0.0-0.0-0.0-0.0-0.0-0.0-0.0-0.0-0.0-0.0-0.0-0.7695510786217261-0.0-1.3010299956639813-0.0-0.0-0.0-0.0-0.0-0.0-0.0-0.0-0.0-0.0-0.0-0.0-0.0-0.0-0.0-0.0-0.0-0.0-0.0-0.0-0.0-0.0-0.0-0.0-0.0-0.0-0.0-0.0-0.0-0.0-0.0-0.0-0.0-0.0
El_Principe_de_Bel_Air;Comedia;0.0-0.0-0.0-0.0-0.0-0.0-0.0-0.0-0.0-0.0-0.0-0.0-0.0-0.0-0.0-0.0-0.0-0.0-0.0-0.0-0.0-0.0-0.0-0.0-0.0-0.0-0.0-0.0-0.0-0.0-0.0-0.0-0.0-0.0-0.0-0.0-0.0-0.0-0.0-0.0-0.0-0.0-0.0-0.0-0.0-0.0-0.0-0.0-0.0-0.0-0.0-0.0-0.0-0.0-0.0-0.0-0.0-0.0-0.0-0.0-0.0-0.0-0.0-0.0-0.0-0.0-0.0-0.0-0.0-0.0-0.0-0.0-0.0-0.0-0.0-0.0-0.0-0.0-0.0-0.0-0.0-0.0-0.0-0.0-0.0-0.0-0.0-0.0-0.0-0.0-0.0-0.0-0.0-0.0-0.0-0.0-0.0-0.0-0.0-0.0-0.0-0.0-0.0-0.0-0.0-0.0-0.0-0.0-0.0-0.0-0.0-0.0-0.0-0.0-0.0-0.0-0.0-0.0-0.0-0.0-0.0-0.0-0.0-0.0-0.0-0.0
El_show_de_Cleveland;Comedia;0.0-0.0-0.0-0.0-0.0-0.0-0.0-0.0-0.0-0.0-0.0-0.0-0.0-0.0-0.0-0.0-0.0-0.0-0.0-0.0-0.0-0.0-0.0-0.0-0.0-0.0-0.0-0.0-0.0-0.0-0.0-0.0-0.0-0.0-0.0-0.0-0.0-0.0-0.0-0.0-0.0-0.0-0.0-0.0-0.0-0.0-0.0-0.0-0.0-0.0-0.0-0.0-0.0-0.0-0.0-0.0-0.0-0.0-0.0-0.5528419686577808-0.0-0.0-0.0-0.0-0.0-0.0-0.0-0.0-0.0-0.0-0.0-0.0-0.0-2.340106608116728-0.0-0.0-0.0-0.0-0.0-0.0-0.0-0.0-0.0-0.0-0.0-0.0-0.0-0.0-0.0-0.0-0.0-0.0-0.0-0.0-0.0-0.0-0.0-0.0-0.0-0.0-0.0-0.0-0.0-0.0-0.0-0.0-0.7695510786217261-0.0-0.0-0.0-0.0-0.0-0.0-0.0-0.0-0.0-0.0-0.0-0.0-0.0-0.0-0.0-0.0-0.0-0.0-0.0
Futurama;Comedia;0.0-0.853871964321762-1.1549019599857433-2.0-1.0-1.2218487496163564-0.0-0.0-0.0-0.0-0.0-0.0-0.0-0.0-0.0-0.0-0.0-0.0-0.0-0.0-0.0-0.0-0.0-0.0-0.0-0.0-0.0-1.5228787452803376-0.0-0.0-0.0-0.0-0.0-0.0-0.0-0.0-0.0-0.0-0.0-0.0-0.0-0.0-0.0-0.0-0.0-0.0-0.0-0.0-0.0-0.0-0.0-0.0-0.0-0.0-0.0-0.0-0.0-0.0-0.0-0.5528419686577808-0.0-0.0-0.0-1.045757490560675-0.0-0.0-0.0-0.0-0.0-0.0-0.0-0.0-0.0-0.0-0.0-0.0-0.0-0.0-0.0-0.0-0.0-0.0-0.0-0.0-0.0-0.0-0.0-0.0-0.0-0.0-0.0-0.0-0.0-0.0-0.0-0.0-0.0-0.0-0.0-0.0-0.0-0.0-0.0-0.0-0.0-0.0-0.0-0.0-0.0-0.0-0.0-0.0-0.0-1.0969100130080565-0.0-0.0-0.0-1.5228787452803376-0.0-0.0-0.638272163982407-0.0-0.0-0.0-0.0-0.0
La_que_se_avecina;Comedia;1.3979400086720377-1.707743928643524-2.3098039199714866-2.0-0.0-0.0-5.918195872600144-0.0-0.0-0.0-3.0457574905606752-0.0-0.0-0.0-0.0-0.0-0.0-0.0-0.0-0.0-0.0-0.0-0.0-0.0-0.0-0.0-0.0-0.0-0.0-0.0-0.0-0.0-0.0-0.0-0.0-0.0-0.0-0.0-0.0-0.0-0.0-0.0-0.0-0.0-0.0-0.0-0.0-0.0-0.0-0.0-0.0-0.0-0.0-0.0-0.0-0.0-0.0-0.0-0.0-0.0-0.0-0.0-0.0-0.0-0.0-0.0-0.0-0.0-0.0-0.0-0.0-0.0-0.0-0.0-0.0-0.0-0.0-0.0-0.0-0.0-0.0-0.0-0.0-0.0-0.0-0.0-0.0-0.0-0.0-0.0-0.0-0.0-0.0-0.0-0.0-0.0-0.0-0.0-0.0-0.0-0.0-0.0-0.0-0.0-0.0-0.0-0.0-0.0-0.0-0.0-0.0-0.0-0.0-0.0-0.0-0.0-0.0-0.0-0.0-0.0-0.0-0.0-0.0-0.0-0.0-0.0
Modern_family;Comedia;0.0-0.853871964321762-0.0-3.0-1.0-0.0-1.3151546383555877-0.0-0.0-0.0-0.0-0.0-0.0-0.0-1.1549019599857433-0.0-0.0-0.0-0.0-0.0-0.0-0.0-0.0-0.0-0.0-0.0-0.0-0.0-0.0-0.0-0.0-0.0-0.0-0.0-0.0-0.0-0.0-0.0-0.0-0.0-0.0-0.0-0.0-0.0-0.0-0.0-0.0-0.0-0.0-0.0-0.0-0.0-0.0-0.9208187539523752-0.0-0.0-0.0-0.0-0.0-0.5528419686577808-0.0-0.0-0.0-0.0-0.0-0.0-0.0-0.0-0.0-0.0-0.0-0.0-0.0-0.0-0.0-0.0-0.0-0.0-0.0-0.0-0.0-0.0-0.0-0.0-0.0-0.0-0.0-0.0-0.48148606012211254-0.7695510786217261-0.0-0.0-0.0-0.0-0.0-0.0-0.0-0.0-0.0-0.0-0.0-0.0-0.0-0.0-0.0-0.0-0.0-0.0-0.0-0.0-0.0-0.0-0.0-0.0-0.0-0.0-0.0-0.0-0.0-0.0-0.0-0.0-0.0-0.0-0.0-0.0
Padre_de_familia;Comedia;0.0-0.853871964321762-0.0-1.0-1.0-0.0-1.9727319575333815-0.0-1.1549019599857433-0.0-1.5228787452803376-0.0-0.0-0.0-1.1549019599857433-0.0-0.0-1.2218487496163564-0.0-0.0-0.0-0.0-0.0-0.0-0.0-0.0-0.0-0.0-0.0-0.0-0.0-0.0-0.0-0.0-0.0-0.0-0.0-0.0-0.0-0.0-0.0-0.0-0.0-0.0-0.0-0.0-0.0-0.0-0.0-0.0-0.0-0.0-0.0-0.0-0.0-0.0-0.0-0.0-0.0-0.5528419686577808-0.0-0.0-0.0-0.0-0.0-0.0-0.9208187539523752-0.0-0.0-0.0-1.2218487496163564-0.0-0.0-0.0-0.0-0.0-0.0-0.0-0.0-0.0-0.0-0.0-0.0-0.0-0.0-0.0-0.0-0.0-0.0-0.0-0.0-0.0-0.0-0.0-0.0-0.0-0.0-0.0-0.0-0.0-0.0-0.0-0.0-0.0-0.0-0.0-0.0-0.0-0.0-0.0-0.0-0.0-0.0-1.0969100130080565-0.0-0.0-0.0-0.0-0.0-0.0-0.0-0.0-0.0-0.0-0.0-0.0
Shameless;Comedia;0.0-0.0-0.0-0.0-0.0-0.0-0.0-0.0-0.0-0.0-0.0-0.0-0.0-0.0-0.0-0.0-0.0-0.0-0.0-0.0-0.0-0.0-0.0-0.0-0.0-0.0-0.0-0.0-0.0-0.0-0.0-0.0-0.0-0.0-0.0-0.0-0.0-0.0-0.0-0.0-0.0-0.0-0.0-0.0-0.0-0.0-0.0-0.0-0.0-0.0-0.0-0.0-0.0-0.0-0.0-0.0-0.0-0.0-0.0-0.0-0.0-0.0-0.0-0.0-0.0-0.0-0.0-0.0-0.0-0.0-0.0-0.0-0.0-0.0-0.0-0.0-0.0-0.0-0.0-0.0-0.0-0.0-0.0-0.0-0.0-0.0-0.0-0.0-0.0-0.0-0.0-0.0-0.0-0.0-0.0-0.0-0.0-0.0-0.0-0.0-0.0-0.0-0.0-0.0-0.0-0.0-0.0-0.0-0.0-0.0-0.0-0.0-0.0-0.0-0.0-0.0-0.0-0.0-0.0-0.0-0.0-0.0-0.0-0.0-0.0-0.0
Siete_vidas;Comedia;0.0-0.0-1.1549019599857433-0.0-0.0-2.4436974992327127-1.9727319575333815-0.0-0.0-0.0-0.0-0.0-0.0-0.0-0.0-0.0-0.0-0.0-0.0-0.0-0.0-0.0-0.0-0.0-0.0-0.0-0.0-0.0-0.0-0.0-0.0-0.0-0.0-0.0-0.0-0.0-0.0-0.0-0.0-0.0-0.0-0.0-0.0-0.0-0.0-0.0-0.0-0.0-0.0-0.0-0.0-0.0-0.0-0.0-0.0-0.0-0.0-0.0-0.0-0.0-0.0-0.0-0.0-0.0-0.0-0.0-0.0-0.0-0.0-0.0-0.0-0.0-0.0-0.0-0.0-0.0-0.0-0.0-0.0-0.0-0.0-0.0-0.0-0.0-0.0-0.0-0.0-0.0-0.0-0.0-0.0-0.0-0.0-0.0-0.0-0.0-0.0-0.0-0.0-0.0-0.0-0.0-0.0-0.0-0.0-0.0-0.0-0.0-0.0-0.0-0.0-0.0-0.0-0.0-0.0-0.0-0.0-0.0-0.0-0.0-0.0-0.0-0.0-0.0-0.0-0.0
The_Big_Bang_theory;Comedia;0.0-0.0-1.1549019599857433-5.0-2.0-0.0-0.0-0.0-0.0-0.0-0.0-0.0-0.0-0.0-0.0-0.0-0.0-0.0-0.0-0.0-0.0-0.0-0.0-0.0-0.0-0.0-0.0-0.0-0.0-0.0-0.0-0.0-0.0-0.0-0.0-0.0-0.0-0.0-0.0-0.0-0.0-0.0-0.0-0.0-0.0-0.0-0.0-0.0-0.0-0.0-0.0-0.0-0.0-0.0-0.0-0.0-0.0-0.0-0.0-0.0-0.0-0.0-0.0-0.0-0.0-0.0-0.0-0.0-0.0-0.0-0.0-0.0-0.0-0.0-0.0-0.0-0.0-0.0-0.0-0.0-0.0-0.0-0.0-0.0-0.0-0.0-0.0-0.0-0.0-0.7695510786217261-0.0-0.0-0.0-0.0-0.0-0.0-0.0-0.0-0.0-0.0-0.0-0.0-0.0-0.0-0.0-0.0-0.7695510786217261-0.0-0.0-0.0-0.0-0.0-0.0-0.0-0.0-0.0-0.0-0.0-0.0-0.0-0.0-0.0-0.0-1.3979400086720377-0.0-0.0
Vive_cantando;Comedia;0.0-0.853871964321762-0.0-0.0-1.0-0.0-1.3151546383555877-0.0-0.0-0.0-0.0-0.0-0.0-0.0-0.0-0.0-0.0-0.0-0.0-0.0-0.0-0.0-0.0-0.0-0.0-0.0-0.0-0.0-0.0-0.0-0.0-0.0-0.0-0.0-0.0-0.0-1.5228787452803376-0.0-0.0-0.0-0.0-0.0-0.0-0.0-0.0-0.0-0.0-0.0-0.0-0.0-0.0-0.0-0.0-0.0-0.0-0.0-0.0-0.0-0.0-0.0-0.0-0.0-0.0-0.0-0.0-0.0-0.0-0.0-0.0-0.0-0.0-0.0-0.0-0.585026652029182-0.0-0.0-0.0-0.0-0.0-0.0-0.0-0.0-0.0-0.0-0.0-0.0-0.0-0.0-0.0-0.0-0.0-0.0-0.0-0.0-0.853871964321762-0.0-0.0-0.0-0.0-0.0-0.0-0.0-0.0-0.0-0.0-0.0-0.0-0.0-0.0-0.0-0.0-0.0-0.0-0.0-0.0-0.0-0.0-0.0-0.0-0.0-0.0-0.0-0.0-0.0-0.0-0.0
Caillou;Infantil;0.0-0.0-0.0-0.0-0.0-0.0-0.0-0.0-0.0-0.0-0.0-0.0-0.0-0.0-0.0-0.0-0.0-0.0-0.0-0.0-0.0-0.0-0.0-0.0-0.0-0.0-0.0-0.0-0.0-0.0-0.0-0.0-0.0-0.0-0.0-0.0-0.0-0.0-0.0-0.0-0.0-0.0-0.0-0.0-0.0-0.0-0.0-0.0-0.0-0.0-0.0-0.0-4.119543704721594-0.9208187539523752-1.276544327964814-1.442492798094342-0.0-0.0-1.3010299956639813-1.1056839373155616-0.0-0.0-0.0-3.1372724716820253-0.0-0.0-0.9208187539523752-0.0-0.0-0.0-0.0-0.0-0.0-0.0-0.0-0.0-0.0-0.0-0.0-0.0-0.0-0.0-0.0-0.0-0.0-0.0-0.0-0.0-0.0-0.0-0.0-0.0-0.0-0.0-0.0-0.0-0.0-0.0-0.0-0.0-0.0-0.0-0.0-0.0-0.0-0.0-0.0-0.0-0.0-0.0-0.0-0.0-0.0-0.0-0.0-0.0-0.0-0.0-0.0-0.0-0.0-0.0-0.0-0.0-0.0-0.0
Digimon_adventure_01;Infantil;0.0-0.0-0.0-0.0-0.0-0.0-0.0-0.0-0.0-0.0-0.0-0.0-0.0-0.0-0.0-0.0-0.0-0.0-0.0-0.0-0.0-0.0-0.0-0.0-0.0-0.0-0.0-0.0-0.0-0.0-0.0-0.0-0.0-0.0-0.0-0.0-0.0-0.0-1.5228787452803376-0.0-3.46470587995723-0.0-0.0-0.0-0.0-0.0-0.0-0.0-0.0-0.0-0.0-0.0-1.6478174818886375-0.9208187539523752-5.744449475841663-0.721246399047171-0.0-0.0-0.0-0.5528419686577808-0.0-1.045757490560675-0.0-0.0-1.045757490560675-0.0-0.0-0.0-0.0-0.0-0.0-0.0-0.0-0.0-0.0-0.0-0.0-0.0-0.0-0.0-0.0-0.0-0.0-0.0-0.0-0.0-0.0-0.0-0.0-0.0-0.0-0.0-0.0-0.0-0.0-0.0-0.0-0.0-0.0-0.0-0.0-0.0-0.0-0.0-0.0-0.0-0.0-0.0-0.0-0.0-1.1549019599857433-0.0-0.0-0.0-0.0-0.0-0.0-0.0-0.0-0.0-0.0-0.0-0.0-0.0-0.0-0.0
Digimon_adventure_02;Infantil;0.0-0.0-0.0-0.0-0.0-0.0-0.0-0.0-0.0-0.0-0.0-0.0-0.0-0.0-0.0-0.0-0.0-0.0-0.0-0.0-0.0-0.0-0.0-0.0-0.0-0.0-0.0-0.0-0.0-0.0-0.0-0.0-0.0-0.0-0.0-0.0-0.0-0.0-1.5228787452803376-0.0-1.1549019599857433-0.0-0.0-0.0-0.0-0.0-0.0-0.0-0.0-0.0-0.0-0.0-0.0-0.0-5.744449475841663-0.721246399047171-0.0-0.0-0.0-0.5528419686577808-0.0-0.0-0.0-1.045757490560675-0.0-0.0-0.0-0.0-0.0-0.0-0.0-0.0-0.0-0.0-0.0-0.0-0.0-0.0-0.0-0.0-0.0-0.0-0.0-0.0-0.0-0.0-0.0-0.0-0.0-0.0-0.0-0.0-0.0-0.0-0.0-0.0-0.0-0.0-0.0-0.0-0.0-0.0-0.0-0.0-0.0-0.0-0.7695510786217261-0.0-0.0-0.0-1.1549019599857433-0.0-0.0-0.0-0.0-0.0-0.0-0.0-0.0-0.0-0.0-0.0-0.0-0.0-0.0-0.0
Digimon_frontier;Infantil;0.0-0.0-0.0-0.0-0.0-0.0-0.0-0.0-0.0-0.0-0.0-0.0-0.0-0.0-0.0-0.0-0.0-0.0-0.0-0.0-0.0-0.0-0.0-0.0-0.0-0.0-0.0-0.0-0.0-0.0-0.0-0.0-0.0-0.0-0.0-0.0-0.0-0.0-0.0-0.0-1.1549019599857433-0.0-0.0-0.0-0.0-0.0-0.0-0.0-0.0-0.0-0.0-0.0-0.0-0.0-3.191360819912035-0.721246399047171-0.0-0.0-0.0-0.5528419686577808-0.0-1.045757490560675-0.0-1.045757490560675-1.045757490560675-0.0-0.9208187539523752-0.0-0.0-0.0-0.0-0.0-0.0-0.0-0.0-0.0-0.0-0.0-0.0-0.0-0.0-0.0-0.0-0.0-0.0-0.0-0.0-0.0-0.0-0.0-0.0-0.0-0.0-0.0-0.0-0.0-0.0-0.0-0.0-0.0-0.0-0.0-0.0-0.0-0.0-0.0-0.7695510786217261-0.0-0.0-0.0-0.0-0.0-1.045757490560675-0.0-0.0-0.0-0.0-0.0-0.0-0.0-0.0-0.0-0.0-0.0-0.0-0.0
Digimon_tamers;Infantil;0.0-0.0-0.0-0.0-0.0-0.0-0.0-0.0-0.0-0.0-0.0-0.0-0.0-0.0-0.0-0.0-0.0-0.0-0.0-0.0-0.0-0.0-0.0-0.0-0.0-0.0-0.0-0.0-0.0-0.0-0.0-0.0-0.0-0.0-0.0-0.0-0.0-0.0-0.0-0.0-0.0-0.0-0.0-0.0-0.0-0.0-0.0-0.0-0.0-0.0-0.0-0.0-0.0-0.0-3.8296329838944425-1.442492798094342-0.0-0.0-0.0-0.0-0.0-0.0-0.0-0.0-0.0-0.0-0.9208187539523752-0.0-0.0-0.0-0.0-0.0-0.0-0.0-0.0-0.0-0.0-0.0-0.0-0.0-0.0-0.0-0.0-0.0-0.0-0.0-0.0-0.0-0.0-0.0-0.0-0.0-0.0-0.0-0.0-0.0-0.0-0.0-0.0-0.0-0.0-0.0-0.0-0.0-0.0-0.0-0.7695510786217261-0.0-0.0-0.0-0.0-0.0-0.0-0.0-0.0-0.0-0.0-0.0-0.0-0.0-0.0-0.0-0.0-0.0-0.0-0.0
Doraemon;Infantil;0.0-0.0-0.0-0.0-0.0-0.0-0.0-0.0-0.0-0.0-0.0-0.0-0.0-0.0-0.0-0.0-0.0-0.0-0.0-0.0-0.0-0.0-0.0-0.0-0.0-0.0-0.0-0.0-0.0-0.0-0.0-0.0-0.0-0.0-0.0-0.0-0.0-0.0-0.0-0.0-0.0-0.0-0.0-0.0-0.0-0.0-0.0-0.0-0.0-0.0-0.0-0.0-0.8239087409443188-0.0-1.9148164919472213-2.163739197141513-0.0-0.0-0.0-0.5528419686577808-0.0-0.0-0.0-0.0-0.0-0.0-0.0-0.0-0.0-0.0-0.0-0.0-0.0-0.0-0.0-0.0-0.0-0.0-0.0-0.0-0.0-0.0-0.0-1.045757490560675-0.0-0.0-0.0-0.0-0.0-0.0-0.0-0.0-0.0-0.0-0.0-0.0-0.0-0.0-0.0-0.0-0.0-0.0-0.0-0.0-0.0-0.0-0.0-0.0-0.0-0.0-0.0-0.0-0.0-0.0-0.0-0.0-0.0-0.0-0.0-0.0-0.0-0.0-0.0-0.0-0.0-0.0
Dragon_ball;Infantil;0.0-0.0-0.0-0.0-0.0-0.0-0.0-0.0-0.0-0.0-0.0-0.0-0.0-0.0-0.0-0.0-0.0-0.0-0.0-0.0-0.0-0.0-0.0-0.0-0.0-0.0-0.0-0.0-0.0-0.0-0.0-0.0-0.0-0.0-0.0-0.0-0.0-0.0-0.0-0.0-0.0-0.0-0.0-0.0-0.0-0.0-0.0-0.0-0.0-0.0-0.0-0.0-0.0-0.0-0.0-0.0-0.0-0.0-0.0-0.0-0.0-0.0-0.0-0.0-0.0-0.0-0.0-0.0-0.0-0.0-0.0-0.0-0.0-0.0-0.0-0.0-0.0-0.0-0.0-0.0-0.0-0.0-0.0-0.0-0.0-0.0-0.0-0.0-0.0-0.0-0.0-0.0-0.0-0.0-0.0-0.0-0.0-0.0-0.0-0.0-0.0-0.0-0.0-0.0-0.0-0.0-0.0-0.0-0.0-0.0-0.0-0.0-0.0-0.0-0.0-0.0-0.0-0.0-0.0-0.0-0.0-0.0-0.0-0.0-0.0-0.0
Heidi;Infantil;0.0-0.0-0.0-0.0-0.0-0.0-0.0-0.0-0.0-0.0-0.0-0.0-0.0-0.0-0.0-0.0-0.0-0.0-0.0-0.0-0.0-0.0-0.0-0.0-0.0-0.0-0.0-0.0-0.0-0.0-0.0-0.0-0.0-0.0-0.0-0.0-0.0-0.0-0.0-0.0-0.0-0.0-0.0-0.0-0.0-0.0-0.0-0.0-0.0-0.0-0.0-0.0-0.0-2.7624562618571256-0.638272163982407-0.721246399047171-0.0-0.0-0.0-0.0-0.0-0.0-0.0-0.0-0.0-0.0-0.0-0.0-0.0-0.0-0.0-0.0-0.0-0.0-0.0-0.0-0.0-0.0-0.0-0.0-0.0-0.0-0.0-0.0-0.0-0.0-0.0-0.0-0.0-0.0-0.0-0.0-0.0-0.0-0.0-0.0-0.0-0.0-0.0-0.0-0.0-0.0-0.0-0.0-0.0-0.0-0.0-0.0-0.0-0.0-0.0-0.0-0.0-0.0-0.0-0.0-0.0-0.0-0.0-0.0-0.0-0.0-0.0-0.0-0.0-0.0
Las_Supernenas;Infantil;0.0-0.0-0.0-0.0-0.0-0.0-0.0-0.0-0.0-0.0-0.0-0.0-0.0-0.0-0.0-0.0-0.0-0.0-0.0-0.0-0.0-0.0-0.0-0.0-0.0-0.0-0.0-0.0-0.0-0.0-0.0-0.0-0.0-0.0-0.0-0.0-0.0-0.0-0.0-0.0-1.1549019599857433-0.0-0.0-0.0-0.0-0.0-0.0-0.0-0.0-0.0-0.0-0.0-0.0-1.8416375079047504-0.638272163982407-2.884985596188684-0.0-0.0-0.0-0.0-0.0-1.045757490560675-0.0-2.09151498112135-1.045757490560675-0.0-0.0-0.0-0.0-0.0-0.0-0.0-0.0-0.0-0.0-0.0-0.0-0.0-0.0-0.0-0.0-0.0-0.0-0.0-0.0-0.0-0.0-0.0-0.0-0.0-0.0-0.0-0.0-0.0-0.0-0.0-0.0-0.0-0.0-0.0-0.0-0.0-0.0-0.0-0.0-0.0-0.0-0.0-0.0-0.0-0.0-0.0-0.0-0.0-0.0-0.0-0.0-0.0-0.0-0.0-0.0-0.0-0.0-0.0-0.0-0.0
La_casa_de_Mickey_Mouse;Infantil;0.0-0.0-0.0-0.0-0.0-0.0-0.0-0.0-0.0-0.0-0.0-0.0-0.0-0.0-0.0-0.0-0.0-0.0-0.0-0.0-0.0-0.0-0.0-0.0-0.0-0.0-0.0-0.0-0.0-0.0-0.0-0.0-0.0-0.0-0.0-0.0-0.0-0.0-0.0-0.0-0.0-0.0-0.0-0.0-0.0-0.0-0.0-0.0-0.0-0.0-0.0-0.0-0.0-0.0-2.553088655929628-2.163739197141513-0.0-0.0-0.0-0.0-0.0-0.0-0.0-3.1372724716820253-0.0-0.0-2.7624562618571256-0.0-0.0-0.0-0.0-0.0-0.0-0.0-0.0-0.0-0.0-0.0-0.0-0.0-0.0-0.0-0.0-0.0-0.0-0.0-0.0-0.0-0.0-0.0-0.0-0.0-0.0-0.0-0.0-0.0-0.0-0.0-0.0-0.0-0.0-0.0-0.0-0.0-0.0-0.0-0.0-0.0-0.0-0.0-0.0-0.0-0.0-0.0-0.0-0.0-0.0-0.0-0.0-0.0-0.0-0.0-0.0-0.0-0.0-0.0
La_patrulla_canina;Infantil;0.0-0.0-0.0-0.0-0.0-0.0-0.6575773191777938-0.0-0.0-0.0-0.0-0.0-0.0-0.0-0.0-0.0-0.0-0.0-0.0-0.0-0.0-0.0-0.0-0.0-0.0-0.0-0.0-0.0-0.0-0.0-0.0-0.0-0.0-0.0-0.0-0.0-0.0-0.0-0.0-0.0-0.0-0.0-0.0-0.0-0.0-0.0-0.0-0.0-0.0-0.0-0.0-0.0-0.8239087409443188-0.0-1.276544327964814-1.442492798094342-0.0-0.0-5.204119982655925-0.0-0.0-0.0-0.0-2.09151498112135-0.0-0.0-2.7624562618571256-0.0-0.0-0.0-0.0-0.0-0.0-0.0-0.0-0.0-0.0-0.0-0.0-0.0-0.0-0.0-0.0-0.0-0.0-0.0-0.0-0.0-0.0-0.0-0.0-0.0-0.0-0.0-0.0-0.0-0.0-0.0-0.0-0.0-0.0-0.0-0.0-0.0-0.0-0.0-0.0-0.0-0.0-0.0-0.0-0.0-0.0-0.0-0.0-0.0-0.0-0.0-0.0-0.0-0.0-0.0-0.0-0.0-0.0-0.0
Lucky_Luke;Infantil;0.0-0.0-0.0-0.0-0.0-0.0-0.0-0.0-1.1549019599857433-0.0-0.0-0.0-0.0-0.0-0.0-0.0-0.0-0.0-0.0-0.0-0.0-0.0-0.0-0.0-0.0-0.0-0.0-0.0-0.0-0.0-0.0-0.0-0.0-0.0-0.0-0.0-0.0-0.0-0.0-0.0-0.0-0.0-0.0-1.3010299956639813-0.0-0.0-0.0-0.0-0.0-0.0-0.0-0.0-0.0-0.0-1.9148164919472213-0.721246399047171-0.0-0.0-0.0-0.5528419686577808-0.0-2.09151498112135-0.0-0.0-1.045757490560675-0.0-0.0-1.5228787452803376-0.0-0.0-0.0-0.0-0.0-0.0-0.0-0.0-0.0-0.0-0.0-0.0-0.0-0.0-0.0-0.0-0.0-0.0-0.0-0.0-0.0-0.0-0.0-0.0-0.0-0.0-0.0-0.0-0.0-0.0-0.0-0.0-0.0-0.0-0.0-0.0-0.0-0.0-0.0-0.0-0.0-0.0-0.0-0.0-0.0-0.0-0.0-0.0-0.0-0.0-0.0-0.0-0.0-0.0-0.0-0.0-0.0-0.0
Marco;Infantil;0.0-0.0-0.0-0.0-0.0-0.0-0.0-0.0-0.0-0.0-0.0-0.0-0.0-0.0-0.0-0.0-0.0-0.0-0.0-0.0-0.0-0.0-0.0-0.0-0.0-0.0-0.0-0.0-0.0-0.0-0.0-0.0-0.0-0.0-0.0-0.0-0.0-0.0-0.0-0.0-0.0-0.0-0.0-0.0-0.0-0.0-0.0-0.0-0.0-0.0-0.0-0.0-1.6478174818886375-0.0-1.276544327964814-0.721246399047171-0.0-0.0-0.0-0.5528419686577808-0.0-2.09151498112135-0.0-0.0-1.045757490560675-0.0-0.0-0.0-0.0-0.0-0.0-0.0-0.0-0.0-0.0-0.0-0.0-0.0-0.0-0.0-0.0-0.0-0.0-0.0-0.0-0.0-0.0-0.0-0.0-0.0-0.0-0.0-0.0-0.0-0.0-0.0-0.0-0.0-0.0-0.0-0.0-0.0-0.0-0.0-0.0-0.0-0.0-0.0-0.0-0.0-0.0-0.0-0.0-0.0-0.0-0.0-0.0-0.0-0.0-0.0-0.0-0.0-0.0-0.0-0.0-0.0
Phineas_y_Ferb;Infantil;0.0-0.853871964321762-0.0-1.0-0.0-0.0-1.3151546383555877-0.0-0.0-0.0-0.0-0.0-0.0-0.0-0.0-0.0-0.0-0.0-0.0-0.0-0.0-0.0-0.0-0.0-0.0-0.0-0.0-0.0-0.0-0.0-0.0-0.0-0.0-0.0-0.0-0.0-0.0-0.0-0.0-0.0-0.0-0.0-0.0-0.0-0.0-0.0-0.0-1.0-0.0-0.0-0.0-0.0-0.8239087409443188-0.0-2.553088655929628-2.163739197141513-0.0-0.0-0.0-1.1056839373155616-0.0-0.0-0.0-3.1372724716820253-0.0-0.0-1.8416375079047504-0.0-0.0-0.0-0.0-0.0-0.0-0.0-0.0-0.0-0.0-0.0-0.0-0.0-0.0-0.0-0.0-0.0-0.0-0.0-0.0-0.0-0.0-0.0-0.0-0.0-0.0-0.0-0.0-0.0-0.0-0.0-0.0-0.0-0.0-0.0-0.0-0.0-0.0-0.0-0.0-0.0-0.0-0.0-0.0-0.0-0.0-0.0-0.0-0.0-0.0-0.0-0.0-0.0-0.0-0.0-0.0-0.0-0.0-0.0
Pingu;Infantil;0.0-0.0-0.0-0.0-0.0-0.0-0.0-1.3010299956639813-0.0-0.0-0.0-0.0-0.0-0.0-0.0-0.0-0.0-0.0-0.0-0.0-0.0-0.0-0.0-0.0-0.0-0.0-0.0-0.0-0.0-0.0-0.0-0.0-0.0-0.0-0.0-0.0-0.0-0.0-0.0-0.0-0.0-0.0-0.0-0.0-0.0-0.0-0.0-0.0-0.0-0.0-0.0-0.0-0.0-0.0-3.191360819912035-1.442492798094342-0.0-0.0-0.0-0.5528419686577808-0.0-2.09151498112135-0.0-1.045757490560675-2.09151498112135-0.0-0.0-0.0-0.0-0.0-0.0-0.0-0.0-0.0-0.0-0.0-0.0-0.0-0.0-0.0-0.0-0.0-0.0-0.0-0.0-0.0-0.0-0.0-0.0-0.0-0.0-0.0-0.0-0.0-0.0-0.0-0.0-0.0-0.0-0.0-0.0-0.0-0.0-0.0-0.0-0.0-0.0-0.0-0.0-0.0-0.0-0.0-0.0-0.0-0.0-0.0-0.0-0.0-0.0-0.0-0.0-0.0-0.0-0.0-0.0-0.0
Pocoyo;Infantil;0.0-0.0-0.0-0.0-0.0-0.0-0.0-0.0-0.0-0.0-0.0-0.0-0.0-0.0-0.0-0.0-0.0-0.0-0.0-0.0-0.0-0.0-0.0-0.0-0.0-0.0-0.0-0.0-0.0-0.0-0.0-0.0-0.0-0.0-0.0-0.0-0.0-0.0-0.0-0.0-0.0-0.0-0.0-0.0-0.0-0.0-0.0-0.0-0.0-0.0-0.0-0.0-1.6478174818886375-0.0-1.276544327964814-0.721246399047171-0.0-0.0-0.0-1.1056839373155616-0.0-2.09151498112135-0.0-0.0-2.09151498112135-0.0-2.7624562618571256-0.0-0.0-0.0-0.0-0.0-0.0-0.0-0.0-0.0-0.0-0.0-0.0-0.0-0.0-0.0-0.0-0.0-0.0-0.0-0.0-0.0-0.0-0.0-0.0-0.0-0.0-0.0-0.0-0.0-0.0-0.0-0.0-0.0-0.0-0.0-0.0-0.0-0.0-0.0-0.0-0.0-0.0-0.0-0.0-0.0-0.0-0.0-0.0-0.0-0.0-0.0-0.0-0.0-0.0-0.0-0.0-0.0-0.0-0.0
Pokemon;Infantil;0.0-0.0-0.0-0.0-0.0-0.0-0.0-0.0-0.0-0.0-0.0-0.0-0.0-0.0-0.0-0.0-0.0-0.0-0.0-0.0-0.0-0.0-0.0-0.0-0.0-0.0-0.0-0.0-0.0-0.0-0.0-0.0-0.0-0.0-0.0-0.0-0.0-0.0-0.0-0.0-0.0-0.0-0.0-0.0-0.0-0.0-0.0-0.0-0.0-0.0-0.0-0.0-0.0-0.0-2.553088655929628-2.163739197141513-0.0-0.0-0.0-0.0-0.0-1.045757490560675-0.0-0.0-1.045757490560675-0.0-0.0-0.0-0.0-0.0-0.0-0.0-0.0-0.0-0.0-0.0-0.0-0.0-0.0-0.0-0.0-0.0-0.0-0.0-0.0-0.0-0.0-0.0-0.0-0.0-0.0-0.0-0.0-0.0-0.853871964321762-0.0-0.0-0.0-0.0-0.0-0.0-0.0-0.0-0.0-0.0-0.0-0.0-0.0-0.0-0.0-0.0-0.0-0.0-0.0-0.0-0.0-0.0-0.0-0.0-0.0-0.0-0.0-0.0-0.0-0.0-0.0
Scooby_Doo;Infantil;0.0-0.0-0.0-0.0-0.0-0.0-0.0-0.0-0.0-0.0-0.0-0.0-0.0-0.0-0.0-0.0-0.0-0.0-0.0-0.0-0.0-0.0-0.0-0.0-0.0-0.0-0.0-1.5228787452803376-0.0-0.0-0.0-0.0-0.0-0.0-0.0-0.0-0.0-0.0-0.0-0.0-0.0-0.0-0.0-0.0-0.0-0.0-0.0-0.0-0.0-0.0-0.0-0.0-0.0-0.0-2.553088655929628-2.163739197141513-0.0-0.0-0.0-0.5528419686577808-0.0-2.09151498112135-0.0-0.0-1.045757490560675-0.0-0.0-0.0-0.0-0.0-0.0-0.0-0.0-0.0-0.0-0.0-0.0-0.0-0.0-0.0-0.0-0.0-0.0-0.0-0.0-0.0-0.0-0.0-0.0-0.0-0.0-0.0-0.0-0.0-0.0-0.0-0.0-0.0-0.0-0.0-0.0-0.0-0.0-0.0-0.0-0.0-0.0-0.0-0.0-1.0-0.0-0.0-0.0-0.0-0.0-0.0-0.0-0.0-0.0-0.0-0.0-0.0-0.0-0.0-0.0-0.0
Shin_Chan;Infantil;0.0-0.0-0.0-0.0-0.0-0.0-0.6575773191777938-0.0-1.1549019599857433-0.0-0.0-0.0-0.0-0.0-0.0-0.0-0.0-0.0-0.0-0.0-0.0-0.0-0.0-0.0-0.0-0.0-0.0-0.0-0.0-0.0-0.0-0.0-0.0-0.0-0.0-0.0-0.0-0.0-0.0-0.0-0.0-0.0-0.0-0.0-0.0-0.0-0.0-0.0-0.0-0.0-0.0-0.0-1.6478174818886375-0.0-1.276544327964814-0.721246399047171-0.0-0.0-0.0-0.5528419686577808-0.0-0.0-0.0-0.0-0.0-0.0-3.683275015809501-0.0-0.0-0.0-0.0-0.0-0.0-0.0-0.0-0.0-0.0-0.0-0.0-0.0-0.0-0.0-0.0-0.0-0.0-0.0-0.0-0.0-0.0-0.0-0.0-0.0-0.0-0.0-0.0-0.0-0.0-0.0-0.0-0.0-0.0-0.0-0.0-0.0-0.0-0.0-0.0-0.0-0.0-0.0-0.0-0.0-0.0-0.0-0.0-0.0-0.0-0.0-0.0-0.0-0.0-0.0-0.0-0.0-0.0-0.0
Yu_Gi_Oh;Infantil;0.0-0.0-0.0-0.0-0.0-0.0-0.0-0.0-0.0-0.0-0.0-0.0-0.0-0.0-0.0-0.0-0.0-0.0-0.0-0.0-0.0-0.0-0.0-0.0-0.0-0.0-0.0-0.0-0.0-0.0-0.0-0.0-0.0-0.0-0.0-0.0-0.0-0.0-0.0-0.0-0.0-0.0-0.0-0.0-0.0-0.0-0.0-0.0-0.0-0.0-0.0-0.0-0.0-0.0-1.276544327964814-0.0-0.0-0.0-0.0-0.0-0.0-0.0-0.0-0.0-0.0-0.0-2.7624562618571256-0.0-0.0-0.0-0.0-0.0-0.0-0.0-0.0-0.0-0.0-0.0-0.0-0.0-0.0-0.0-0.0-0.0-0.0-0.0-0.0-0.0-0.0-0.0-0.0-0.0-0.0-0.0-0.0-0.0-0.0-0.0-0.0-0.0-0.0-0.0-0.0-0.0-0.0-0.0-0.0-0.0-0.0-0.0-0.0-0.0-0.0-0.0-0.0-0.0-0.0-0.0-0.0-0.0-0.0-0.0-0.0-0.0-0.0-0.0
Black_mirror;Misterio;0.0-0.0-0.0-0.0-0.0-0.0-0.0-0.0-0.0-0.0-0.0-0.0-0.0-0.0-0.0-0.0-0.0-0.0-0.0-0.0-0.0-0.0-0.0-0.0-0.0-0.0-0.0-0.0-0.0-0.0-0.0-0.0-0.0-0.0-0.0-0.0-0.0-0.0-0.0-0.0-0.0-0.0-0.0-0.0-0.0-0.0-0.0-0.0-0.0-0.0-0.0-0.0-0.0-0.0-0.0-0.0-0.0-0.0-0.0-0.0-0.0-0.0-0.0-0.0-0.0-0.0-0.0-0.0-0.0-0.0-0.0-0.0-0.0-0.0-0.0-0.0-0.0-0.0-0.0-0.0-0.0-0.0-0.0-0.0-0.0-0.0-0.0-0.0-0.0-0.0-0.0-0.0-0.0-0.0-0.0-0.0-0.0-0.0-0.0-0.0-0.0-0.0-0.0-0.0-0.0-0.0-0.7695510786217261-0.0-0.0-0.0-0.0-0.0-0.0-0.0-0.0-0.0-0.0-0.0-0.0-0.0-0.0-0.0-0.0-0.0-0.0-0.0
Bones;Misterio;0.0-0.0-0.0-0.0-0.0-0.0-0.6575773191777938-0.0-0.0-0.0-0.0-0.0-0.0-0.0-0.0-0.0-0.0-0.0-0.0-0.0-0.0-0.0-2.4436974992327127-0.0-0.0-0.0-1.3979400086720377-0.0-0.0-2.4436974992327127-0.0-0.0-0.0-1.5228787452803376-0.0-0.0-0.0-0.0-0.0-0.0-0.0-0.0-0.0-1.3010299956639813-2.4436974992327127-0.0-1.1549019599857433-1.0-0.0-1.0969100130080565-3.3979400086720375-0.0-0.0-0.0-0.0-0.0-0.0-0.0-0.0-0.0-0.0-0.0-0.0-0.0-0.0-0.0-0.0-0.0-0.0-0.0-0.0-0.0-0.0-0.0-0.0-0.0-0.0-0.0-0.0-0.0-0.0-0.0-0.0-0.0-0.0-0.0-0.0-0.0-0.48148606012211254-0.0-0.0-0.0-0.0-0.0-0.0-0.0-0.0-0.0-0.0-0.0-0.0-0.0-0.0-0.0-0.0-0.0-0.0-0.0-0.0-0.0-0.0-0.0-0.0-0.0-0.0-0.0-0.0-0.0-0.0-0.0-0.638272163982407-0.0-0.0-1.3979400086720377-0.0-0.0
Castle;Misterio;0.0-0.0-0.0-0.0-0.0-0.0-0.0-0.0-0.0-0.0-0.0-0.0-0.0-0.0-0.0-0.0-0.0-0.0-0.0-0.0-0.0-0.0-1.2218487496163564-0.0-0.0-0.0-1.3979400086720377-0.0-0.0-2.4436974992327127-2.4436974992327127-1.2218487496163564-0.0-0.0-0.0-2.0-0.0-1.3979400086720377-0.0-0.0-0.0-0.0-0.0-0.0-1.2218487496163564-1.2218487496163564-4.619607839942973-2.0-0.0-0.0-0.0-0.0-0.0-0.0-0.0-0.0-0.0-0.0-0.0-0.0-0.0-0.0-0.0-0.0-0.0-0.0-0.0-0.0-0.0-0.0-0.0-0.0-0.0-0.0-0.0-0.0-0.0-0.0-0.0-0.0-0.0-0.0-0.0-0.0-0.0-0.0-0.0-0.0-0.48148606012211254-0.0-0.0-0.0-0.0-0.0-0.0-0.0-0.0-0.0-0.0-0.0-0.0-0.0-0.0-0.0-0.0-0.0-0.0-0.0-0.0-0.0-0.0-0.0-0.0-0.0-0.0-0.0-0.0-0.0-0.0-0.0-0.0-0.0-0.0-0.0-0.0-0.0
CSI;Misterio;0.0-0.0-0.0-0.0-0.0-0.0-0.0-1.3010299956639813-0.0-0.0-0.0-0.0-0.0-0.0-0.0-0.0-0.0-0.0-0.0-0.0-0.0-0.0-0.0-0.0-0.0-0.0-1.3979400086720377-0.0-0.0-1.2218487496163564-1.2218487496163564-0.0-0.0-0.0-0.0-0.0-0.0-0.0-0.0-0.0-0.0-0.0-0.0-1.3010299956639813-4.8873949984654255-0.0-0.0-0.0-0.0-1.0969100130080565-0.0-0.0-0.0-0.0-0.0-0.0-0.0-0.0-0.0-0.0-0.0-0.0-0.0-0.0-0.0-0.0-0.0-0.0-0.0-0.0-0.0-0.0-0.0-0.0-0.0-0.0-0.0-0.0-0.0-0.0-0.0-0.0-0.0-0.0-0.0-0.0-0.0-0.0-0.0-0.0-0.0-0.0-0.0-0.0-0.0-0.0-0.0-0.0-0.0-0.0-0.0-0.0-0.0-0.0-0.0-0.0-0.0-0.0-0.0-0.0-0.0-0.0-0.0-0.0-0.0-0.0-0.0-0.0-0.0-0.0-0.638272163982407-0.0-1.5228787452803376-1.3979400086720377-0.0-0.0
Death_note;Misterio;0.0-0.0-0.0-0.0-0.0-0.0-0.0-0.0-0.0-0.0-0.0-0.0-0.0-0.0-0.0-0.0-0.0-0.0-0.0-0.0-0.0-0.0-1.2218487496163564-0.0-0.0-0.0-0.0-0.0-0.0-0.0-1.2218487496163564-0.0-0.7695510786217261-1.5228787452803376-0.0-0.0-1.5228787452803376-2.7958800173440754-0.0-1.6989700043360187-0.0-0.0-0.0-0.0-0.0-0.0-0.0-1.0-0.0-2.193820026016113-0.0-0.0-0.0-0.0-0.0-0.0-0.0-0.0-0.0-0.0-0.0-0.0-0.0-0.0-0.0-0.0-0.0-0.0-0.0-0.0-0.0-0.0-0.0-0.0-0.0-0.0-0.0-0.0-0.0-0.0-0.0-0.0-0.0-0.0-0.0-0.0-0.0-0.0-0.0-0.0-0.0-0.0-0.0-0.0-0.0-0.0-0.0-0.0-0.0-0.0-0.0-0.0-0.0-0.0-0.0-0.0-0.7695510786217261-0.0-1.045757490560675-0.0-1.1549019599857433-0.0-0.0-0.0-0.0-0.0-0.0-0.0-0.0-0.0-0.0-0.0-0.0-0.0-0.0-0.0
Detective_Conan;Misterio;0.0-0.0-0.0-0.0-0.0-0.0-0.0-0.0-0.0-0.0-0.0-0.0-0.0-0.0-0.0-0.0-0.0-0.0-0.0-0.0-0.0-0.0-0.0-0.0-1.1549019599857433-0.0-0.0-0.0-0.0-0.0-0.0-0.0-0.7695510786217261-0.0-0.0-0.0-0.0-0.0-0.0-0.0-0.0-0.0-0.0-0.0-0.0-2.4436974992327127-2.3098039199714866-2.0-1.6989700043360187-0.0-0.0-0.0-0.8239087409443188-0.0-0.0-0.0-0.0-0.0-0.0-0.0-0.0-0.0-0.0-0.0-0.0-0.0-0.9208187539523752-1.5228787452803376-0.0-0.0-0.0-0.0-0.0-0.0-0.0-0.0-0.0-0.0-0.0-0.0-0.0-0.0-0.0-1.045757490560675-0.0-0.0-0.0-0.0-0.48148606012211254-0.0-0.0-0.0-0.0-1.3979400086720377-0.0-0.0-0.0-0.0-0.0-0.0-0.0-0.0-0.0-0.0-0.0-0.0-0.0-0.0-0.0-0.0-0.0-0.0-0.0-0.0-0.0-0.0-0.0-0.0-0.0-0.0-0.0-0.0-0.0-0.0-0.0-0.0
Dexter;Misterio;0.0-0.0-0.0-0.0-0.0-0.0-0.0-1.3010299956639813-0.0-0.0-0.0-0.0-0.0-0.0-0.0-0.0-0.0-0.0-0.0-0.0-0.0-0.0-0.0-0.0-0.0-0.0-0.0-0.0-0.0-0.0-4.8873949984654255-0.0-0.0-0.0-0.0-0.0-0.0-0.0-0.0-0.0-0.0-0.0-0.0-0.0-0.0-2.4436974992327127-0.0-0.0-0.0-0.0-0.0-0.0-0.8239087409443188-0.0-0.0-0.0-0.0-0.0-0.0-0.0-0.0-0.0-0.0-0.0-0.0-0.0-0.0-0.0-0.0-0.0-0.0-0.0-0.0-0.0-0.0-0.0-0.0-0.0-0.0-0.0-0.0-0.0-0.0-0.0-0.0-0.0-0.0-0.0-0.0-0.0-0.0-0.0-0.0-0.0-0.0-0.0-0.0-0.0-0.0-0.0-0.0-0.0-0.0-0.0-0.0-0.0-0.0-0.0-0.0-0.0-0.0-0.0-0.0-0.0-0.0-0.0-0.0-0.0-0.0-0.0-0.0-0.0-0.0-0.0-0.0-0.0
El_barco;Misterio;0.0-0.0-0.0-0.0-0.0-0.0-0.0-0.0-0.0-0.0-0.0-0.0-0.0-0.0-0.0-0.0-0.0-0.0-0.0-0.0-0.0-0.0-0.0-0.0-1.1549019599857433-0.0-0.0-0.0-0.0-1.2218487496163564-0.0-0.0-0.0-0.0-0.0-0.0-0.0-0.0-0.0-0.0-2.3098039199714866-0.0-0.0-0.0-0.0-0.0-0.0-0.0-0.0-0.0-0.0-0.0-0.0-0.0-0.0-0.0-0.0-0.0-1.3010299956639813-0.5528419686577808-0.0-0.0-0.0-0.0-0.0-0.0-0.0-0.0-0.0-0.0-0.0-0.0-0.0-0.0-0.0-0.0-0.0-0.0-0.0-0.0-0.0-0.0-0.0-0.0-0.0-0.0-0.0-0.0-0.0-0.0-0.0-0.0-0.0-0.0-0.0-0.0-0.0-0.0-0.0-0.0-0.0-0.0-0.0-0.0-0.0-0.0-0.0-0.0-0.0-0.0-0.0-0.0-0.0-1.0969100130080565-0.0-0.0-0.0-0.0-0.0-0.0-0.0-0.0-0.0-0.0-0.0-0.0
El_internado;Misterio;0.0-0.0-0.0-0.0-0.0-0.0-0.0-0.0-0.0-0.0-0.0-0.0-0.0-0.0-0.0-0.0-0.0-0.0-0.0-0.0-0.0-0.0-0.0-1.6989700043360187-0.0-0.0-0.0-0.0-0.0-0.0-0.0-0.0-1.5391021572434522-1.5228787452803376-0.0-0.0-0.0-0.0-0.0-0.0-0.0-0.0-0.0-0.0-0.0-0.0-0.0-0.0-0.0-0.0-0.0-0.0-0.0-0.9208187539523752-0.0-0.0-0.0-0.0-0.0-0.0-0.0-0.0-0.0-0.0-0.0-0.0-0.0-0.0-0.0-0.0-0.0-0.0-0.0-0.0-0.0-0.0-0.0-0.0-0.0-0.0-0.0-0.0-0.0-0.0-0.0-0.0-0.0-0.0-0.0-0.7695510786217261-0.0-1.3010299956639813-0.0-0.0-0.0-0.0-0.0-0.0-0.0-0.0-0.0-0.0-0.0-0.0-0.0-0.0-0.0-0.0-0.0-0.0-0.0-0.0-0.0-1.0969100130080565-0.0-0.0-0.0-0.0-0.0-0.0-0.0-0.0-0.0-0.0-0.0-0.0
Gran_hotel;Misterio;0.0-0.0-0.0-0.0-0.0-0.0-0.0-0.0-0.0-0.0-0.0-0.0-0.0-0.0-0.0-0.0-0.0-0.0-0.0-0.0-0.0-0.0-0.0-0.0-0.0-0.0-0.0-0.0-1.2218487496163564-0.0-0.0-0.0-0.0-0.0-0.0-0.0-0.0-0.0-0.0-0.0-0.0-0.0-1.6989700043360187-0.0-0.0-0.0-0.0-1.0-0.0-0.0-1.6989700043360187-0.0-0.0-0.0-0.0-0.0-0.0-0.0-0.0-0.0-0.0-0.0-0.0-0.0-0.0-0.0-0.0-0.0-0.0-0.0-0.0-0.0-0.0-0.0-0.0-0.0-0.0-0.0-0.0-0.0-0.0-0.0-0.0-0.0-0.0-0.0-0.0-0.0-0.9629721202442251-0.0-0.0-0.0-0.0-0.0-0.0-0.0-0.0-0.0-0.0-0.0-0.0-0.0-0.0-0.0-0.0-0.0-0.0-0.0-0.0-0.0-0.0-0.0-0.0-0.0-0.0-0.0-0.0-0.0-0.0-0.0-0.0-0.0-0.0-0.0-0.0-0.0
Hannibal;Misterio;0.0-0.0-0.0-0.0-0.0-0.0-0.0-0.0-0.0-0.0-0.0-0.0-0.0-0.0-0.0-0.0-0.0-0.0-0.0-0.0-0.0-0.0-0.0-0.0-0.0-0.0-0.0-0.0-0.0-0.0-3.6655462488490693-0.0-0.0-0.0-0.0-0.0-0.0-0.0-0.0-0.0-0.0-0.0-0.0-0.0-0.0-0.0-0.0-1.0-0.0-0.0-0.0-0.0-0.0-0.0-0.0-0.0-0.0-0.0-0.0-0.0-0.0-0.0-0.0-0.0-0.0-0.0-0.0-0.0-0.0-0.0-0.0-0.0-0.0-0.0-0.0-0.0-0.0-0.0-0.0-0.0-0.0-0.0-0.0-0.0-0.0-0.0-0.0-0.0-0.48148606012211254-0.0-0.0-0.0-0.0-0.0-0.0-0.0-0.0-0.0-0.0-0.0-0.0-0.0-0.0-0.0-0.0-0.0-0.0-0.0-0.0-0.0-0.0-0.0-0.0-0.0-0.0-0.0-0.0-0.0-0.0-0.0-0.0-0.0-0.0-0.0-0.0-0.0
Hermanos_y_detectives;Misterio;0.0-0.0-0.0-0.0-0.0-0.0-0.0-0.0-0.0-0.0-0.0-0.0-0.0-0.0-0.0-0.0-0.0-0.0-0.0-0.0-0.0-0.0-1.2218487496163564-1.6989700043360187-0.0-0.0-0.0-0.0-2.4436974992327127-0.0-0.0-0.0-0.0-0.0-0.0-0.0-0.0-0.0-0.0-0.0-0.0-0.0-0.0-0.0-0.0-0.0-5.774509799928716-0.0-0.0-0.0-0.0-0.0-0.8239087409443188-0.0-0.0-0.0-0.0-0.0-0.0-0.0-0.0-0.0-0.0-0.0-0.0-0.0-0.0-0.0-0.0-0.0-0.0-0.0-0.0-0.0-0.0-0.0-0.0-0.0-0.0-0.0-0.0-0.0-0.0-1.045757490560675-0.0-0.0-0.0-0.0-0.48148606012211254-0.0-0.0-0.0-0.0-0.0-0.0-0.0-0.0-0.0-0.0-0.0-0.0-0.0-0.0-0.0-0.0-0.0-0.0-0.0-0.0-0.0-0.0-0.0-0.0-0.0-0.0-0.0-0.0-0.0-0.0-0.0-0.0-0.0-0.0-0.0-0.0-0.0
House_of_cards;Misterio;0.0-0.0-0.0-0.0-0.0-0.0-0.0-0.0-0.0-0.0-0.0-0.0-0.0-0.0-0.0-0.0-0.0-0.0-0.0-0.0-0.0-0.0-0.0-0.0-0.0-0.0-0.0-0.0-0.0-0.0-0.0-0.0-0.0-0.0-0.0-0.0-0.0-0.0-0.0-0.0-0.0-0.0-0.0-0.0-0.0-0.0-0.0-0.0-0.0-0.0-0.0-0.0-0.0-0.0-0.0-0.0-0.0-0.0-0.0-0.0-0.0-0.0-0.0-0.0-0.0-0.0-0.0-0.0-0.0-0.0-0.0-0.0-0.0-0.0-0.0-0.0-0.0-0.0-0.0-0.0-0.0-0.0-0.0-0.0-0.0-0.0-0.0-0.0-0.9629721202442251-0.0-0.0-0.0-0.0-0.0-0.0-0.0-0.0-0.0-0.0-0.0-0.0-0.0-0.0-0.0-0.0-0.0-0.0-0.0-0.0-0.0-0.0-0.0-0.0-0.0-0.0-0.0-0.0-0.0-0.0-0.0-0.0-0.0-0.0-0.0-0.0-0.0
Los_misterios_de_Laura;Misterio;0.0-0.0-0.0-0.0-0.0-0.0-0.6575773191777938-1.3010299956639813-0.0-0.0-0.0-0.0-0.0-0.0-0.0-0.0-0.0-0.0-0.0-0.0-0.0-0.0-0.0-0.0-0.0-0.0-0.0-0.0-0.0-0.0-0.0-1.2218487496163564-0.7695510786217261-0.0-0.0-0.0-3.0457574905606752-0.0-0.0-0.0-0.0-0.0-0.0-0.0-1.2218487496163564-2.4436974992327127-1.1549019599857433-0.0-0.0-2.193820026016113-0.0-0.0-0.0-0.0-0.0-0.0-0.0-0.0-0.0-0.0-0.0-0.0-0.0-0.0-0.0-0.0-0.0-0.0-0.0-0.0-0.0-0.0-0.0-0.0-0.0-0.0-0.0-0.0-0.0-0.0-0.0-0.0-0.0-0.0-0.0-0.0-0.0-0.0-0.0-0.0-0.0-0.0-0.0-0.0-0.0-0.0-0.0-0.0-0.0-0.0-0.0-0.0-0.0-0.0-0.0-0.0-0.0-0.0-0.0-0.0-0.0-0.0-0.0-0.0-0.0-0.0-0.0-0.0-0.0-0.0-0.0-0.0-0.0-0.0-0.0-0.0
Los_protegidos;Misterio;0.0-0.0-0.0-0.0-0.0-0.0-0.0-0.0-0.0-0.0-0.0-0.0-0.0-0.0-0.0-0.0-0.0-0.0-0.0-0.0-0.0-0.0-0.0-0.0-4.619607839942973-0.0-0.0-0.0-1.2218487496163564-0.0-0.0-1.2218487496163564-0.0-0.0-0.0-0.0-0.0-0.0-0.0-0.0-1.1549019599857433-0.0-0.0-0.0-0.0-0.0-0.0-0.0-0.0-0.0-0.0-0.0-0.0-0.9208187539523752-0.638272163982407-0.0-0.0-0.0-0.0-0.5528419686577808-0.0-0.0-0.0-0.0-0.0-0.0-0.0-0.0-0.0-0.0-0.0-0.0-0.0-0.0-0.0-0.0-0.0-0.0-0.0-0.0-0.0-0.0-0.0-0.0-0.0-0.0-0.0-0.0-0.0-0.0-0.0-0.0-0.0-0.0-0.0-0.0-0.0-0.0-0.0-0.0-0.0-0.0-0.0-0.0-0.0-0.0-0.0-2.09151498112135-0.0-1.0-0.0-1.045757490560675-0.0-0.0-0.0-0.0-0.0-0.0-0.0-0.0-0.0-0.0-0.0-0.0-0.0-0.0
Luna_el_misterio_de_Calenda;Misterio;0.0-0.0-0.0-0.0-0.0-0.0-0.0-0.0-0.0-0.0-0.0-0.0-0.0-0.0-0.0-0.0-0.0-0.0-0.0-0.0-0.0-0.0-3.6655462488490693-0.0-1.1549019599857433-0.0-0.0-0.0-1.2218487496163564-0.0-0.0-1.2218487496163564-0.0-0.0-0.0-0.0-0.0-0.0-0.0-0.0-0.0-0.0-0.0-0.0-0.0-0.0-0.0-0.0-0.0-1.0969100130080565-0.0-0.0-0.0-0.0-0.0-0.0-0.0-0.0-0.0-0.0-0.0-0.0-0.0-0.0-0.0-0.0-0.0-0.0-0.0-0.0-0.0-0.0-0.0-0.0-0.0-0.0-0.0-0.0-0.0-0.0-0.0-0.0-0.0-0.0-0.0-0.0-0.0-0.0-0.48148606012211254-0.0-0.0-0.0-0.0-0.0-0.0-0.0-0.0-0.0-0.0-0.0-1.0-1.0-0.0-0.0-0.0-0.0-0.0-0.0-1.045757490560675-0.0-0.0-0.0-1.045757490560675-0.0-0.0-0.0-0.0-0.0-0.0-0.0-0.0-0.0-0.0-0.0-0.0-0.0
Mentes_criminales;Misterio;0.0-0.0-0.0-0.0-0.0-0.0-0.0-0.0-0.0-0.0-0.0-0.0-0.0-0.0-0.0-0.0-0.0-0.0-0.0-0.0-0.0-0.0-0.0-0.0-0.0-0.0-0.0-0.0-0.0-1.2218487496163564-1.2218487496163564-0.0-0.0-0.0-0.0-0.0-0.0-0.0-0.0-0.0-0.0-0.0-0.0-2.6020599913279625-1.2218487496163564-1.2218487496163564-0.0-0.0-1.6989700043360187-2.193820026016113-0.0-0.0-0.0-0.0-0.0-0.0-0.0-0.0-0.0-0.0-0.0-0.0-0.0-0.0-0.0-0.0-0.0-0.0-0.0-0.0-0.0-0.0-0.0-0.0-0.0-0.0-0.0-0.0-0.0-0.0-0.0-0.0-0.0-0.0-0.0-0.0-0.0-0.0-0.0-0.0-0.0-0.0-0.0-0.0-0.0-0.0-0.0-0.0-0.0-0.0-0.0-0.0-0.0-0.0-0.0-0.0-0.0-0.0-0.0-0.0-0.0-0.0-0.0-0.0-0.0-0.0-0.0-0.0-0.0-0.0-0.0-0.0-0.0-0.0-0.0-0.0
Perdidos;Misterio;0.0-0.0-0.0-0.0-0.0-0.0-0.0-0.0-0.0-0.0-0.0-0.0-0.0-0.0-0.0-0.0-0.0-0.0-0.0-0.0-0.0-0.0-1.2218487496163564-0.0-1.1549019599857433-1.6989700043360187-0.0-3.0457574905606752-0.0-0.0-0.0-0.0-0.7695510786217261-0.0-0.0-0.0-0.0-1.3979400086720377-1.5228787452803376-0.0-0.0-0.0-0.0-0.0-0.0-0.0-0.0-0.0-0.0-0.0-0.0-0.0-0.0-0.0-0.0-0.0-0.0-0.0-0.0-0.0-0.0-0.0-0.0-0.0-0.0-0.0-0.0-0.0-0.0-0.0-0.0-0.0-0.0-0.0-0.0-0.0-0.0-0.0-0.0-0.0-0.0-0.0-0.0-0.0-0.0-0.0-0.0-0.0-0.0-0.0-0.0-0.0-0.0-0.0-0.0-0.0-0.0-0.0-0.0-0.0-0.0-0.0-0.0-0.0-0.0-0.0-0.0-0.0-0.0-0.0-0.0-1.045757490560675-0.0-0.0-0.0-0.0-0.0-0.0-0.0-0.0-0.0-0.0-0.0-0.0-0.0-0.0
Prison_break;Misterio;0.0-0.0-0.0-0.0-0.0-0.0-0.0-0.0-0.0-0.0-0.0-0.0-0.0-0.0-0.0-0.0-0.0-0.0-0.0-0.0-0.0-0.0-0.0-0.0-0.0-1.6989700043360187-0.0-0.0-0.0-0.0-0.0-0.0-0.0-0.0-0.0-0.0-0.0-0.0-0.0-0.0-0.0-0.0-0.0-0.0-0.0-0.0-0.0-0.0-0.0-1.0969100130080565-0.0-0.0-0.0-0.0-0.0-0.0-0.0-0.0-0.0-0.0-0.0-0.0-0.0-0.0-0.0-0.0-0.0-1.5228787452803376-0.0-0.0-0.0-0.0-0.0-0.0-0.0-0.0-0.0-0.0-0.0-0.0-0.0-0.0-0.0-0.0-0.0-0.0-0.0-0.0-0.0-0.0-0.0-0.0-0.0-0.0-0.0-0.0-0.0-0.0-0.0-0.0-0.0-0.0-0.0-0.0-0.0-0.0-0.0-0.0-0.0-0.0-0.0-0.0-0.0-0.0-0.0-0.0-0.0-0.0-0.0-0.0-0.0-0.0-0.0-0.0-0.0-0.0
Sherlock;Misterio;0.0-0.0-0.0-0.0-0.0-0.0-0.0-0.0-0.0-0.0-0.0-0.0-0.0-0.0-0.0-0.0-0.0-0.0-0.0-0.0-0.0-0.0-0.0-0.0-2.3098039199714866-0.0-1.3979400086720377-0.0-0.0-0.0-0.0-0.0-1.5391021572434522-0.0-0.0-0.0-0.0-0.0-0.0-0.0-0.0-0.0-0.0-0.0-1.2218487496163564-0.0-1.1549019599857433-2.0-0.0-0.0-0.0-0.0-0.0-0.0-0.0-0.0-0.0-0.0-0.0-0.5528419686577808-0.0-0.0-0.0-0.0-0.0-0.0-0.0-0.0-0.0-0.0-0.0-0.0-0.0-0.0-0.0-0.0-0.0-0.0-0.0-0.0-0.0-0.0-0.0-0.0-0.0-0.0-0.0-0.0-0.0-0.0-0.0-0.0-0.0-0.0-0.0-0.0-0.0-0.0-0.0-0.0-0.0-0.0-0.0-0.0-0.0-0.0-0.0-0.0-0.0-0.0-0.0-0.0-0.0-0.0-0.0-0.0-0.0-0.0-0.0-0.0-0.0-0.0-0.0-0.0-0.0-0.0
Ciega_a_citas;Romantica;0.0-0.0-0.0-0.0-0.0-0.0-0.6575773191777938-0.0-0.0-0.0-0.0-0.0-0.0-0.0-0.0-0.0-0.0-0.0-0.0-0.0-0.0-0.0-0.0-0.0-0.0-0.0-0.0-0.0-0.0-0.0-0.0-0.0-0.0-0.0-0.0-0.0-0.0-0.0-0.0-0.0-0.0-0.0-0.0-0.0-0.0-0.0-0.0-0.0-0.0-0.0-0.0-0.0-0.0-0.0-0.0-0.0-0.0-0.0-0.0-0.0-0.0-0.0-0.0-0.0-0.0-0.0-0.0-0.0-0.0-0.0-0.0-0.0-0.0-2.340106608116728-0.0-1.0969100130080565-0.0-0.0-0.0-0.0-0.0-0.0-0.0-0.0-0.0-0.0-0.0-0.0-1.4444581803663377-0.7695510786217261-0.0-0.0-0.0-0.0-0.853871964321762-0.0-0.0-0.0-0.0-0.0-0.0-0.0-0.0-0.0-0.0-0.0-0.0-0.0-0.0-0.0-0.0-0.0-0.0-0.0-0.0-0.0-0.0-0.0-0.0-0.0-0.0-0.0-0.0-0.0-0.0-0.0
Corazon_indomable;Romantica;0.0-0.0-0.0-0.0-0.0-0.0-0.0-0.0-0.0-0.0-0.0-0.0-0.0-0.0-0.0-0.0-0.0-0.0-0.0-0.0-0.0-0.0-0.0-0.0-0.0-0.0-0.0-0.0-0.0-0.0-0.0-0.0-0.0-0.0-0.0-0.0-0.0-0.0-0.0-0.0-0.0-0.0-0.0-0.0-0.0-0.0-0.0-0.0-0.0-0.0-0.0-0.0-0.0-0.0-0.0-0.0-0.0-0.0-0.0-0.0-0.0-0.0-0.0-0.0-0.0-0.0-0.0-0.0-0.0-0.0-0.0-0.0-0.0-1.170053304058364-0.0-0.0-0.0-0.0-0.0-0.0-0.0-0.0-1.1549019599857433-0.0-0.0-0.0-0.0-0.0-0.9629721202442251-0.0-0.0-0.0-0.0-0.0-0.0-0.0-0.0-0.0-0.0-0.0-0.0-0.0-0.0-0.0-0.0-0.0-0.0-0.0-0.0-0.0-0.0-0.0-0.0-0.0-0.0-0.0-0.0-0.0-0.0-0.0-0.0-0.0-0.0-0.0-0.0-0.0
Cristal;Romantica;0.0-0.0-0.0-0.0-0.0-0.0-0.0-0.0-0.0-0.0-0.0-0.0-0.0-0.0-0.0-0.0-0.0-0.0-0.0-0.0-0.0-0.0-0.0-0.0-0.0-0.0-0.0-0.0-0.0-0.0-0.0-0.0-0.0-0.0-0.0-0.0-0.0-0.0-0.0-0.0-0.0-0.0-0.0-0.0-0.0-0.0-0.0-0.0-0.0-0.0-0.0-0.0-0.0-0.0-0.0-0.0-0.0-0.0-0.0-0.0-0.0-0.0-0.0-0.0-0.0-0.0-0.0-0.0-0.0-0.0-0.0-0.0-0.0-1.170053304058364-0.0-0.0-0.0-0.0-0.0-0.0-0.0-0.0-1.1549019599857433-0.0-2.6020599913279625-0.0-0.0-0.0-0.0-0.7695510786217261-0.0-0.0-0.0-0.0-0.853871964321762-0.0-0.0-0.0-0.0-0.0-0.0-0.0-0.0-0.0-0.0-0.0-0.0-0.0-0.0-0.0-0.0-0.0-0.0-0.0-0.0-0.0-0.0-0.0-0.0-0.0-0.0-0.0-0.0-0.0-0.0-0.0
Cuando_me_enamoro;Romantica;0.0-0.0-0.0-0.0-0.0-0.0-0.0-0.0-0.0-0.0-0.0-0.0-0.0-0.0-0.0-0.0-0.0-0.0-0.0-0.0-0.0-0.0-0.0-0.0-0.0-0.0-0.0-0.0-0.0-0.0-0.0-0.0-0.7695510786217261-0.0-0.0-0.0-0.0-0.0-0.0-0.0-0.0-0.0-0.0-0.0-0.0-0.0-0.0-0.0-0.0-0.0-0.0-0.0-0.0-0.0-0.0-0.721246399047171-0.0-0.0-0.0-0.0-0.0-0.0-0.0-0.0-0.0-0.0-0.0-0.0-0.0-0.0-0.0-0.0-0.0-1.755079956087546-0.0-0.0-0.0-0.0-0.0-0.0-0.0-0.0-0.0-1.045757490560675-0.0-0.0-0.0-0.0-0.0-0.0-0.0-1.3010299956639813-0.0-0.0-1.707743928643524-0.0-0.0-0.0-0.0-0.0-0.0-0.0-0.0-0.0-0.0-0.0-0.0-0.0-0.0-0.0-0.0-0.0-0.0-0.0-0.0-0.0-0.0-0.0-0.0-0.0-0.0-0.0-0.0-0.0-0.0-0.0
Cuidado_con_el_angel;Romantica;0.0-0.0-0.0-0.0-0.0-0.0-0.0-0.0-0.0-0.0-0.0-0.0-0.0-0.0-0.0-0.0-0.0-0.0-0.0-0.0-0.0-0.0-0.0-0.0-0.0-0.0-0.0-0.0-0.0-0.0-0.0-0.0-0.7695510786217261-0.0-0.0-0.0-0.0-0.0-0.0-0.0-0.0-0.0-0.0-0.0-0.0-0.0-0.0-0.0-0.0-0.0-0.0-0.0-0.0-0.0-0.0-0.0-0.0-0.0-0.0-0.0-0.0-0.0-0.0-0.0-0.0-0.0-0.0-0.0-0.0-0.0-0.0-0.0-0.0-0.585026652029182-0.0-0.0-0.0-0.0-0.0-0.0-0.0-0.0-2.3098039199714866-1.045757490560675-0.0-1.6989700043360187-0.0-0.0-0.9629721202442251-0.7695510786217261-0.0-0.0-0.0-0.0-0.0-0.0-0.0-0.0-0.0-0.0-0.0-0.0-0.0-0.0-0.0-0.0-0.0-0.0-0.0-0.0-0.0-0.0-0.0-0.0-0.0-0.0-0.0-0.0-0.0-0.0-0.0-0.0-0.0-0.0-0.0-0.0
En_nombre_del_amor;Romantica;0.0-0.0-0.0-0.0-0.0-0.0-0.0-0.0-0.0-0.0-0.0-0.0-0.0-0.0-0.0-0.0-0.0-0.0-0.0-0.0-0.0-0.0-0.0-0.0-0.0-0.0-0.0-0.0-0.0-0.0-0.0-0.0-0.7695510786217261-0.0-4.0-0.0-0.0-0.0-0.0-0.0-0.0-0.0-0.0-0.0-0.0-0.0-0.0-0.0-0.0-0.0-0.0-0.0-0.0-1.8416375079047504-0.0-0.0-0.0-0.0-0.0-0.0-0.0-0.0-0.0-0.0-0.0-0.0-0.0-0.0-0.0-0.0-0.0-0.0-0.0-3.510159912175092-0.0-2.193820026016113-0.0-0.0-0.0-0.0-0.0-0.0-0.0-3.1372724716820253-0.0-0.0-0.0-0.0-0.9629721202442251-0.7695510786217261-0.0-0.0-0.0-0.0-0.853871964321762-0.0-0.0-0.0-0.0-0.0-0.0-0.0-0.0-0.0-0.0-0.0-0.0-0.0-0.0-0.0-0.0-0.0-0.0-0.0-0.0-0.0-0.0-0.0-0.0-0.0-0.0-0.0-0.0-0.0-0.0-0.0
La_fea_mas_bella;Romantica;0.0-0.853871964321762-0.0-0.0-0.0-0.0-0.6575773191777938-0.0-0.0-0.0-0.0-0.0-0.0-0.0-0.0-0.0-0.0-0.0-0.0-0.0-0.0-0.0-0.0-0.0-0.0-0.0-0.0-0.0-0.0-0.0-0.0-0.0-0.0-0.0-0.0-0.0-0.0-0.0-0.0-0.0-0.0-0.0-0.0-0.0-0.0-1.2218487496163564-0.0-0.0-0.0-0.0-0.0-0.0-0.0-0.0-0.0-0.0-0.0-0.0-0.0-0.0-0.0-0.0-0.0-0.0-0.0-0.0-0.0-0.0-0.0-0.0-0.0-0.0-0.0-1.170053304058364-0.0-0.0-0.0-0.0-0.0-0.0-0.0-0.0-1.1549019599857433-0.0-1.3010299956639813-0.0-0.0-0.0-0.0-0.0-0.0-0.0-0.0-0.0-0.0-0.0-0.0-0.0-0.0-0.0-0.0-0.0-0.0-0.0-0.0-0.0-0.0-0.0-0.0-0.0-0.0-0.0-0.0-0.0-0.0-0.0-0.0-0.0-0.0-0.0-0.0-0.0-0.0-0.0-0.0-0.0
Love;Romantica;0.0-0.0-0.0-0.0-0.0-0.0-0.0-0.0-0.0-0.0-0.0-0.0-0.0-0.0-0.0-0.0-0.0-0.0-0.0-0.0-0.0-0.0-0.0-0.0-0.0-0.0-0.0-0.0-0.0-0.0-0.0-0.0-0.0-0.0-0.0-0.0-0.0-0.0-0.0-0.0-0.0-0.0-0.0-0.0-0.0-0.0-0.0-0.0-0.0-0.0-0.0-0.0-0.0-0.0-0.0-0.0-0.0-0.0-0.0-0.0-0.0-0.0-0.0-0.0-0.0-0.0-0.0-0.0-0.0-0.0-0.0-0.0-0.0-1.755079956087546-0.0-1.0969100130080565-0.0-0.0-0.0-0.0-0.0-0.0-0.0-1.045757490560675-0.0-0.0-0.0-0.0-0.9629721202442251-1.5391021572434522-0.0-0.0-0.0-0.0-0.853871964321762-0.0-0.0-0.0-0.0-0.0-0.0-0.0-0.0-0.0-0.0-0.0-0.7695510786217261-0.0-0.0-0.0-0.0-0.0-0.0-0.0-0.0-0.0-0.0-0.0-0.0-0.0-0.0-0.0-0.0-0.0-0.0-0.0
Mar_de_amor;Romantica;0.0-0.0-0.0-0.0-0.0-0.0-0.0-0.0-0.0-0.0-0.0-0.0-0.0-0.0-0.0-0.0-0.0-0.0-0.0-0.0-0.0-0.0-0.0-0.0-0.0-0.0-0.0-0.0-1.2218487496163564-0.0-0.0-0.0-0.0-0.0-0.0-0.0-0.0-0.0-0.0-0.0-1.1549019599857433-0.0-0.0-0.0-0.0-0.0-0.0-0.0-0.0-0.0-0.0-0.0-0.0-0.0-0.0-0.0-0.0-0.0-0.0-0.0-0.0-0.0-0.0-0.0-0.0-0.0-0.0-0.0-0.0-0.0-0.0-0.0-0.0-4.095186564204274-2.0-0.0-0.0-0.0-0.0-2.0-0.0-0.0-1.1549019599857433-0.0-0.0-0.0-0.0-0.0-0.0-0.0-0.0-1.3010299956639813-0.0-1.3979400086720377-0.0-0.0-0.0-0.0-0.0-0.0-0.0-0.0-0.0-0.0-0.0-0.0-0.0-0.0-0.0-0.0-0.0-0.0-0.0-0.0-0.0-0.0-0.0-0.0-0.0-0.0-0.0-0.0-0.0-0.0-0.0-0.0
Mi_adorable_maldicion;Romantica;0.0-0.0-0.0-0.0-0.0-0.0-0.0-0.0-0.0-0.0-0.0-0.0-0.0-0.0-0.0-0.0-0.0-0.0-0.0-0.0-0.0-0.0-0.0-0.0-0.0-0.0-0.0-0.0-0.0-0.0-0.0-0.0-0.7695510786217261-0.0-0.0-0.0-0.0-0.0-0.0-0.0-0.0-0.0-0.0-0.0-0.0-0.0-0.0-0.0-0.0-0.0-0.0-0.0-0.8239087409443188-0.9208187539523752-0.0-0.0-0.0-0.0-0.0-0.0-0.0-0.0-0.0-0.0-0.0-0.0-0.0-0.0-0.0-0.0-0.0-0.0-0.0-2.340106608116728-0.0-2.193820026016113-0.0-0.0-0.0-0.0-0.0-0.0-0.0-0.0-0.0-0.0-0.0-0.0-0.9629721202442251-0.0-0.0-0.0-0.0-0.0-0.853871964321762-0.0-0.0-0.0-0.0-0.0-0.0-0.0-0.0-0.0-0.0-0.0-0.7695510786217261-0.0-0.0-0.0-0.0-0.0-0.0-0.0-0.0-0.0-0.0-0.0-0.0-0.0-0.0-0.0-0.0-0.0-0.0-0.0
Pasion_de_gavilanes;Romantica;0.0-0.0-0.0-0.0-0.0-0.0-0.0-0.0-0.0-0.0-0.0-0.0-0.0-0.0-0.0-0.0-0.0-0.0-0.0-0.0-0.0-0.0-0.0-0.0-0.0-0.0-0.0-0.0-0.0-0.0-0.0-0.0-1.5391021572434522-0.0-0.0-0.0-0.0-0.0-0.0-0.0-0.0-0.0-0.0-0.0-0.0-0.0-0.0-0.0-0.0-0.0-0.0-0.0-0.0-0.0-0.0-0.0-0.0-0.0-0.0-1.1056839373155616-0.0-0.0-0.0-0.0-0.0-0.0-0.0-0.0-0.0-0.0-0.0-0.0-0.0-0.585026652029182-0.0-2.193820026016113-0.0-3.3979400086720375-0.0-0.0-0.0-0.0-0.0-1.045757490560675-0.0-0.0-0.0-0.0-1.4444581803663377-0.0-0.0-0.0-0.0-1.3979400086720377-0.853871964321762-0.0-0.0-0.0-0.0-0.0-0.0-0.0-0.0-0.0-0.0-0.0-0.0-0.0-0.0-0.0-0.0-0.0-0.0-0.0-0.0-0.0-0.0-0.0-0.0-0.0-0.0-0.0-0.0-0.0-0.0-0.0
Patito_feo;Romantica;0.0-0.0-0.0-0.0-0.0-0.0-0.0-0.0-0.0-0.0-0.0-0.0-0.0-0.0-0.0-0.0-0.0-0.0-0.0-0.0-0.0-0.0-0.0-0.0-0.0-0.0-0.0-0.0-0.0-0.0-0.0-0.0-0.0-0.0-0.0-0.0-0.0-0.0-0.0-0.0-0.0-0.0-0.0-0.0-0.0-0.0-0.0-0.0-0.0-0.0-0.0-0.0-0.0-0.9208187539523752-0.638272163982407-0.0-0.0-0.0-0.0-0.0-0.0-0.0-0.0-0.0-0.0-0.0-0.0-0.0-0.0-0.0-0.0-0.0-0.0-2.340106608116728-0.0-1.0969100130080565-0.0-0.0-0.0-0.0-0.0-0.0-0.0-0.0-1.3010299956639813-0.0-0.0-0.0-0.48148606012211254-0.0-0.0-0.0-0.0-0.0-1.707743928643524-0.0-0.0-0.0-0.0-0.0-0.0-0.0-0.0-0.0-0.0-0.0-0.0-0.0-0.0-0.0-0.0-0.0-0.0-0.0-0.0-0.0-0.0-0.0-0.0-0.0-0.0-0.0-0.0-0.0-0.0-0.0
Sexo_en_Nueva_York;Romantica;0.0-0.0-0.0-0.0-0.0-0.0-0.0-0.0-0.0-0.0-0.0-0.0-0.0-0.0-0.0-0.0-0.0-0.0-0.0-0.0-0.0-0.0-0.0-0.0-0.0-0.0-0.0-0.0-0.0-0.0-0.0-0.0-0.0-0.0-0.0-0.0-0.0-0.0-0.0-0.0-0.0-0.0-0.0-0.0-0.0-0.0-0.0-0.0-0.0-0.0-0.0-0.0-0.0-0.0-0.0-0.0-0.0-0.0-1.3010299956639813-0.5528419686577808-0.0-0.0-0.0-0.0-0.0-0.0-0.0-0.0-0.0-0.0-0.0-0.0-0.0-2.340106608116728-0.0-0.0-0.0-3.3979400086720375-0.0-0.0-0.0-0.0-0.0-0.0-0.0-0.0-0.0-0.0-0.48148606012211254-0.7695510786217261-0.0-0.0-0.0-1.3979400086720377-0.0-0.0-0.0-0.0-0.0-0.0-0.0-0.0-0.0-0.0-0.0-0.0-0.0-0.0-0.0-0.0-0.0-0.0-0.0-0.0-0.0-0.0-0.0-0.0-0.0-0.0-0.0-0.0-0.0-0.0-0.0-0.0
Silvana_sin_lana;Romantica;0.0-0.0-0.0-0.0-0.0-0.0-0.0-0.0-0.0-0.0-0.0-0.0-0.0-0.0-0.0-0.0-0.0-0.0-0.0-0.0-0.0-0.0-0.0-0.0-0.0-0.0-0.0-0.0-0.0-0.0-0.0-0.0-0.0-0.0-0.0-0.0-0.0-0.0-0.0-0.0-0.0-0.0-0.0-0.0-0.0-0.0-0.0-0.0-0.0-0.0-0.0-0.0-0.0-0.0-0.0-0.0-0.0-0.0-0.0-0.0-0.0-0.0-0.0-0.0-0.0-0.0-0.0-0.0-0.0-0.0-0.0-0.0-0.0-0.585026652029182-0.0-0.0-0.0-0.0-0.0-0.0-0.0-0.0-1.1549019599857433-0.0-0.0-0.0-0.0-0.0-1.4444581803663377-1.5391021572434522-0.0-0.0-0.0-0.0-0.0-0.0-0.0-0.0-0.0-0.0-0.0-0.0-0.0-0.0-0.0-0.0-0.0-0.0-0.0-0.0-0.0-0.0-0.0-0.0-0.0-0.0-0.0-0.0-0.0-0.0-0.0-0.0-0.0-0.0-0.0-0.0
Soy_tu_duena;Romantica;0.0-0.0-0.0-0.0-0.0-0.0-0.0-0.0-0.0-0.0-0.0-0.0-0.0-0.0-0.0-0.0-0.0-0.0-0.0-0.0-0.0-0.0-0.0-0.0-0.0-0.0-0.0-0.0-0.0-0.0-0.0-0.0-0.0-0.0-0.0-0.0-0.0-0.0-0.0-0.0-0.0-0.0-0.0-0.0-0.0-0.0-0.0-0.0-0.0-0.0-0.0-0.0-0.0-0.0-0.0-0.0-0.0-0.0-0.0-0.0-0.0-0.0-0.0-0.0-0.0-0.0-0.0-0.0-0.0-0.0-0.0-0.0-0.0-1.755079956087546-0.0-0.0-0.0-0.0-0.0-0.0-0.0-0.0-1.1549019599857433-2.09151498112135-0.0-0.0-0.0-0.0-0.48148606012211254-0.0-0.0-0.0-0.0-0.0-0.853871964321762-0.0-0.0-0.0-0.0-0.0-0.0-0.0-0.0-0.0-0.0-0.0-0.0-0.0-0.0-0.0-0.0-0.0-0.0-0.0-0.0-0.0-0.0-0.0-0.0-0.0-0.0-0.0-0.0-0.0-0.0-0.0
Triunfo_del_amor;Romantica;0.0-0.0-0.0-0.0-0.0-0.0-0.0-0.0-0.0-0.0-0.0-0.0-0.0-0.0-0.0-0.0-0.0-0.0-0.0-0.0-0.0-0.0-0.0-0.0-0.0-0.0-0.0-0.0-0.0-0.0-0.0-0.0-0.0-0.0-0.0-0.0-0.0-0.0-0.0-0.0-0.0-0.0-0.0-0.0-0.0-0.0-0.0-0.0-0.0-0.0-0.0-0.0-0.0-0.9208187539523752-0.0-0.0-0.0-0.0-0.0-0.0-0.0-0.0-0.0-0.0-0.0-0.0-0.0-0.0-0.0-0.0-0.0-0.0-0.0-2.92513326014591-0.0-1.0969100130080565-0.0-0.0-0.0-0.0-0.0-0.0-0.0-0.0-1.3010299956639813-0.0-0.0-0.0-0.48148606012211254-1.5391021572434522-0.0-0.0-0.0-0.0-1.707743928643524-0.0-0.0-0.0-0.0-0.0-0.0-0.0-0.0-0.0-0.0-0.0-0.0-0.0-0.0-0.0-0.0-0.0-0.0-0.0-0.0-0.0-0.0-0.0-0.0-0.0-0.0-0.0-0.0-0.0-0.0-0.0
Tu_yo_y_ella;Romantica;1.3979400086720377-0.0-0.0-0.0-0.0-0.0-0.0-0.0-0.0-0.0-0.0-0.0-0.0-0.0-0.0-0.0-0.0-0.0-0.0-0.0-0.0-0.0-0.0-0.0-0.0-0.0-0.0-0.0-0.0-0.0-0.0-0.0-0.0-0.0-0.0-0.0-0.0-0.0-0.0-0.0-0.0-0.0-0.0-0.0-0.0-0.0-0.0-0.0-0.0-0.0-0.0-0.0-0.0-0.0-0.0-0.0-0.0-0.0-0.0-0.0-0.0-0.0-0.0-0.0-0.0-0.0-0.0-0.0-0.0-0.0-0.0-0.0-0.0-1.170053304058364-0.0-0.0-0.0-0.0-0.0-0.0-0.0-0.0-0.0-0.0-0.0-1.6989700043360187-0.0-0.0-0.48148606012211254-2.3086532358651786-0.0-0.0-0.0-0.0-0.853871964321762-0.0-0.0-0.0-0.0-0.0-0.0-0.0-0.0-0.0-0.0-0.0-0.0-0.0-0.0-0.0-0.0-0.0-0.0-0.0-0.0-0.0-0.0-0.0-0.0-0.0-0.0-0.0-0.0-0.0-0.0-0.0
Velvet;Romantica;0.0-0.0-0.0-0.0-0.0-0.0-0.0-0.0-0.0-0.0-0.0-0.0-0.0-0.0-0.0-0.0-0.0-0.0-0.0-0.0-0.0-0.0-0.0-0.0-0.0-0.0-0.0-0.0-0.0-0.0-0.0-0.0-0.0-0.0-0.0-0.0-0.0-0.0-0.0-0.0-0.0-0.0-0.0-0.0-0.0-0.0-0.0-0.0-0.0-0.0-0.0-0.0-0.0-0.0-0.638272163982407-0.0-0.0-0.0-0.0-0.0-0.0-0.0-0.0-0.0-0.0-0.0-0.0-0.0-0.0-0.0-0.0-0.0-0.0-4.095186564204274-0.0-0.0-0.0-0.0-0.0-0.0-0.0-0.0-0.0-0.0-0.0-0.0-0.0-0.0-1.9259442404884501-0.0-0.0-0.0-0.0-0.0-0.0-0.0-0.0-0.0-0.0-0.0-0.0-0.0-0.0-0.0-0.0-0.0-0.0-0.0-0.0-0.0-0.0-0.0-0.0-0.0-0.0-0.0-0.0-0.0-0.0-0.0-0.0-0.0-0.0-0.0-0.0-0.0
Violetta;Romantica;0.0-0.0-0.0-0.0-0.0-0.0-0.0-0.0-0.0-0.0-0.0-0.0-0.0-0.0-0.0-0.0-0.0-0.0-0.0-0.0-0.0-0.0-0.0-0.0-0.0-0.0-0.0-0.0-0.0-0.0-0.0-0.0-0.7695510786217261-0.0-0.0-0.0-0.0-0.0-0.0-0.0-0.0-0.0-0.0-0.0-0.0-0.0-0.0-0.0-0.0-0.0-0.0-0.0-0.0-0.0-0.0-0.0-0.0-0.0-0.0-0.0-0.0-0.0-0.0-0.0-0.0-0.0-0.0-0.0-0.0-0.0-0.0-0.0-0.0-0.585026652029182-0.0-1.0969100130080565-0.0-0.0-0.0-0.0-0.0-0.0-0.0-0.0-5.204119982655925-0.0-0.0-0.0-0.48148606012211254-1.5391021572434522-0.0-0.0-0.0-0.0-0.853871964321762-0.0-0.0-0.0-0.0-0.0-0.0-0.0-0.0-0.0-0.0-0.0-0.0-0.0-0.0-0.0-0.0-0.0-0.0-0.0-0.0-0.0-0.0-0.0-0.0-0.0-0.0-0.0-0.0-0.0-0.0-0.0
Yo_soy_Bea;Romantica;0.0-0.0-0.0-0.0-0.0-0.0-0.0-0.0-0.0-0.0-0.0-0.0-0.0-0.0-0.0-0.0-0.0-0.0-0.0-0.0-0.0-0.0-0.0-0.0-0.0-0.0-0.0-0.0-0.0-0.0-0.0-0.0-0.0-0.0-0.0-0.0-0.0-0.0-0.0-0.0-0.0-0.0-0.0-0.0-0.0-0.0-0.0-0.0-0.0-0.0-0.0-0.0-0.0-0.0-0.0-0.0-0.0-0.0-0.0-0.5528419686577808-0.0-0.0-0.0-0.0-0.0-0.0-0.0-0.0-0.0-0.0-0.0-0.0-0.0-1.170053304058364-0.0-0.0-0.0-0.0-0.0-0.0-0.0-0.0-0.0-0.0-0.0-0.0-0.0-0.0-1.9259442404884501-0.0-0.0-0.0-0.0-0.0-0.0-0.0-0.0-0.0-0.0-0.0-0.0-0.0-0.0-0.0-0.0-0.0-0.0-0.0-0.0-0.0-0.0-0.0-0.0-0.0-0.0-0.0-0.0-0.0-0.0-0.0-0.0-0.0-0.0-0.0-0.0-0.0
